Имя файла;Количество
ПАКБ.463269.024 - Система обнаружения и прицеливания оптико-элетронная (СОП ОЭ).SLDASM;1
OECN_350V1_BUKD_SW0002.sldprt;1
Винт A.M5-6gx8.56.30.016 ГОСТ 17475-80.sldprt;3
Винт с цилиндрической головкой и шестигранным углублением под ключ ГОСТ Р ИСО 4762-M4х10-А2-70.sldprt;5
Винт с цилиндрической головкой и шестигранным углублением под ключ ГОСТ Р ИСО 4762-M4х8-А2-70.sldprt;18
Винт с цилиндрической головкой и шестигранным углублением под ключ ГОСТ Р ИСО 4762-M5х12-А2-70.sldprt;41
Винт с цилиндрической головкой и шестигранным углублением под ключ ГОСТ Р ИСО 4762-M6х12-А2-70R.sldprt;3
ПАКБ.203349.005 - Канал лазерного дальномера (ЛД).sldprt;1
ПАКБ.301265.025 - Крышка задняя в сборе.SLDASM;1
24_oecn400_пельтье.SLDPRT;2
24_задняя крышка Прокладка.SLDPRT;2
DS1821C.sldprt;3
TBH25P39R0JE_AF0.sldprt;2
Винт с цилиндрической головкой и шестигранным углублением под ключ ГОСТ Р ИСО 4762-M2х10-А2-70.sldprt;7
Винт с цилиндрической головкой и шестигранным углублением под ключ ГОСТ Р ИСО 4762-M2х5-А2-70.sldprt;1
Винт с цилиндрической головкой и шестигранным углублением под ключ ГОСТ Р ИСО 4762-M3х12-А2-70.sldprt;8
Винт с цилиндрической головкой и шестигранным углублением под ключ ГОСТ Р ИСО 4762-M3х5-А2-70.sldprt;3
ПАКБ.305129.005 - Влагопоглотитель.sldasm;1
203571_010_VTO_ASM.sldasm;1
713551_017_VTO.sldprt;1
755471_024_VTO.sldprt;1
203571_011_VTO_ASM.sldasm;1
711553_019_VTO.sldprt;1
755471_023_VTO.sldprt;1
305129_005_SILIKAGEL_VTO.sldprt;1
754152_085_VTO.sldprt;1
ПАКБ.467459.048 - Контроллер Пельтье .sldasm;1
ПАКБ.758724.073 - Плата контроллера Пельтье.SLDPRT;1
ПАКБ.681822.001 - Блок нагревателей.sldprt;1
ПАКБ.713141.091 - Втулка.SLDPRT;7
ПАКБ.713141.114 - Втулка.SLDPRT;8
ПАКБ.713563.027 - Втулка.SLDPRT;6
ПАКБ.735214.037 - Крышка задняя.SLDPRT;1
ПАКБ.745391.006 - Скоба.sldprt;3
ПАКБ.752699.005 - Радиатор игольчатый.SLDPRT;1
ЦКБ.2020.09.17.1202^ПАКБ.301265.025 - Крышка задняя в сборе.SLDPRT;1
ЦКБ.2020.09.17.1203^ПАКБ.301265.025 - Крышка задняя в сборе.SLDPRT;1
ЦКБ.2020.09.17.1204^ПАКБ.301265.025 - Крышка задняя в сборе.SLDPRT;1
ЦКБ.2020.09.17.1205^ПАКБ.301265.025 - Крышка задняя в сборе.SLDPRT;1
ЦКБ.2020.09.17.1206^ПАКБ.301265.025 - Крышка задняя в сборе.SLDPRT;1
ЦКБ.2020.09.17.1207^ПАКБ.301265.025 - Крышка задняя в сборе.SLDPRT;1
ЦКБ.2020.09.17.1208^ПАКБ.301265.025 - Крышка задняя в сборе.SLDPRT;1
Шайба A.2.01.08.016 ГОСТ 10450-78.sldprt;6
ПАКБ.301268.018 - Крышка передняя в сборе.SLDASM;1
DS18B20+.SLDPRT;1
TBH25P39R0JE.sldprt;10
Винт с цилиндрической головкой и шестигранным углублением под ключ ГОСТ Р ИСО 4762-M2х4.sldprt;9
Винт с цилиндрической головкой и шестигранным углублением под ключ ГОСТ Р ИСО 4762-M3х5.sldprt;10
Винт с цилиндрической головкой и шестигранным углублением под ключ ГОСТ Р ИСО 4762-M3х8-А2-70.sldprt;33
Винт с цилиндрической головкой и шестигранным углублением под ключ ГОСТ Р ИСО 4762-M3х8.SLDPRT;3
Кольцо 055-059-25-2-2 ГОСТ 18829-73.sldprt;1
Кольцо 078-082-25-2-2 ГОСТ 18829-73.sldprt;1
Кольцо 098-102-25-2-2 ГОСТ 18829-73.sldprt;1
Кольцо 108-112-25-2-2 ГОСТ 18829-73.sldprt;1
Кольцо узела защитного стекла.sldprt;1
ПАКБ.203571.018 - Пластина в оправе.SLDASM;1
Винт A.M2-6gx5.56.30.016 ГОСТ 17475-80.sldprt;8
ПАКБ.711142.176 - Накладка.sldprt;1
ПАКБ.711356.009 - Оправа.SLDPRT;1
ПАКБ.755481.044 - Пластина.SLDPRT;1
ПАКБ.203571.019 - Узел защитного стекла.SLDASM;1
Винт A.M2-6gx5.58.10.016 ГОСТ 17475-80.sldprt;13
ПАКБ.741338.027 - Накладка.sldprt;1
ПАКБ.741532.114 - Оправа.SLDPRT;1
ПАКБ.755481.034 - Пластина.SLDPRT;1
ПАКБ.755482.019 - Пластина.SLDPRT;1
ПАКБ.203574.017 - Пластина в оправе.SLDASM;1
Винт A.M2-6gx5.58.10.016 ГОСТ 17475-80.sldprt;8
ПАКБ.711142.177 - Накладка.sldprt;1
ПАКБ.711356.008 - Оправа.SLDPRT;1
ПАКБ.755481.042 - Пластина.SLDPRT;1
ПАКБ.203574.018 - Пластина в оправе.SLDASM;1
Винт A.M2-6gx5.56.30.016 ГОСТ 17475-80.sldprt;4
ПАКБ.711142.178 - Накладка.sldprt;1
ПАКБ.711358.008 - Оправа.SLDPRT;1
ПАКБ.755481.043 - Пластина.SLDPRT;1
ПАКБ.203574.019 - Пластина в оправе.SLDASM;1
Винт A.M2-6gx5.56.30.016 ГОСТ 17475-80.sldprt;8
ПАКБ.711142.179 - Накладка.sldprt;1
ПАКБ.711356.010 - Оправа.SLDPRT;1
ПАКБ.755481.041 - Пластина.SLDPRT;1
ПАКБ.713263.018 - Втулка резьбовая.SLDPRT;33
ПАКБ.713563.027 - Втулка.SLDPRT;4
ПАКБ.735214.038 - Крышка передняя.SLDPRT;1
ПАКБ.745391.006 - Скоба.sldprt;9
ЦКБ.2021.07.13.4173 - Блок с кронштейном.SLDASM;1
Винт с цилиндрической головкой и шестигранным углублением под ключ ГОСТ Р ИСО 4762-M3х5.sldprt;4
ЦКБ.2021.06.23.3959 - Блок нагревателя.SLDASM;1
221VL06F26.SLDPRT;1
Nicomatic 221VL04F26.SLDPRT;1
ЦКБ.2021.06.18.3943 - Плата печатная.SLDPRT;1
ЦКБ.2021.07.13.4172 - Кронштейн.SLDPRT;1
ПАКБ.303359.007 -  Платформа гиростабилизированная.SLDASM;1
Болт M8-6gx16.88.40Х.016 ГОСТ 7805-70.sldprt;12
Винт A.M4-6gx10.46.20.013 ГОСТ 17475-80.sldprt;16
Винт A.M4-6gx8.58.20.016 ГОСТ 17475-80.sldprt;8
Винт A.M5-6gx8.58.20.013 ГОСТ 17475-80.sldprt;2
Винт A.M6-6gx8.58.20.013 ГОСТ 17475-80.sldprt;3
Винт с цилиндрической головкой и шестигранным углублением под ключ ГОСТ Р ИСО 4762-M3х12-А2-70.sldprt;4
Винт с цилиндрической головкой и шестигранным углублением под ключ ГОСТ Р ИСО 4762-M3х8-А2-70.sldprt;12
Винт с цилиндрической головкой и шестигранным углублением под ключ ГОСТ Р ИСО 4762-M4х8.sldprt;36
Винт с цилиндрической головкой и шестигранным углублением под ключ ГОСТ Р ИСО 4762-M5х8-А2-70.sldprt;3
Винт с цилиндрической головкой и шестигранным углублением под ключ ГОСТ Р ИСО 4762-M5х8.sldprt;3
Гайка M3.5.10.013 ГОСТ 5927-70.sldprt;12
ПАКБ.303313.007(3) - Установка узла двигателя.SLDASM;1
DS-90 - ver 0.0.SLDASM;1
DS-90 Cover(Cover for wires).sldprt;1
DS-90 Housing.sldprt;1
DS-90 Roto(Default).sldprt;1
cable-6-wires.sldprt;1
Винт A.M2x4.58.10.016 ГОСТ 1491-80.sldprt;9
Винт A.M3-6gx8.58.10.016 ГОСТ 1491-80.sldprt;6
Винт A.M4-6gx10.58.20.016 ГОСТ 17475-80.sldprt;28
Винт A.M5-6gx14.56.30.016 ГОСТ 17475-80.sldprt;8
Винт с цилиндрической головкой и шестигранным углублением под ключ ГОСТ Р ИСО 4762-M2.5х10-4.6-A1R.sldprt;6
Винт с цилиндрической головкой и шестигранным углублением под ключ ГОСТ Р ИСО 4762-M2.5х6-А2-50.sldprt;6
Винт с цилиндрической головкой и шестигранным углублением под ключ ГОСТ Р ИСО 4762-M5х12-А2-50.sldprt;6
КРАТ.521173.060 ТУ - Электродвигатель ДБ-001М.SLDPRT;1
Кольцо A75 ГОСТ 13942-86.sldprt;1
Манжета 2.2-70х95-3 ГОСТ 8752-79.sldprt;1
ПАКБ.711142.162 - Пластина.SLDPRT;1
ПАКБ.711142.189 - Кольцо.sldprt;1
ПАКБ.711142.189 - Кольцо.sldprt;1
ПАКБ.711142.189 - Кольцо.sldprt;1
ПАКБ.711144.065 - Стопорное кольцо.SLDPRT;1
ПАКБ.711152.061 - Кольцо.SLDPRT;1
ПАКБ.711352.058 - Фланец.sldprt;1
ПАКБ.711352.059 - Фланец.sldprt;1
ПАКБ.711354.069 - Фланец.sldprt;1
ПАКБ.711356.007 - Фланец.sldprt;1
ПАКБ.711358.006 - Фланец.SLDPRT;1
ПАКБ.711452.020 - Вал.sldprt;1
ПАКБ.713442.004 - Втулка.SLDPRT;1
ПАКБ.723321.008 - Пластина.SLDPRT;3
Подшипник 1000815 ГОСТ 8338-75.sldprt;1
ПАКБ.303313.012 - Установка опоры оси Х.SLDASM;1
Винт A.M3-6gx6.56.30.016 ГОСТ 17475-80.sldprt;4
Винт A.M3-6gx8.58.10.016 ГОСТ 1491-80.sldprt;9
Винт A.M4-6gx10.58.20.016 ГОСТ 17475-80.sldprt;33
Винт A.M5-6gx12.58.20.016 ГОСТ 17475-80.sldprt;8
Винт B.M3-6gx8.58.10.016 ГОСТ 1491-80.sldprt;1
Винт с цилиндрической головкой и шестигранным углублением под ключ ГОСТ Р ИСО 4762-M2.5х6-А2-70.SLDPRT;6
Винт с цилиндрической головкой и шестигранным углублением под ключ ГОСТ Р ИСО 4762-M3х5-А2-70.sldprt;5
Винт с цилиндрической головкой и шестигранным углублением под ключ ГОСТ Р ИСО 4762-M4х8.sldprt;4
Винт с цилиндрической головкой и шестигранным углублением под ключ ГОСТ Р ИСО 4762-M5х12-А2-50.sldprt;6
Гайка M4 ГОСТ 5927-70.sldprt;2
Кольцо A75 ГОСТ 13942-86.sldprt;1
Манжета 2.2-70х95-3 ГОСТ 8752-79.sldprt;1
ПАКБ.304271.010 - Арретир.SLDASM;1
_FL28STH-110B__ ООО НПФ Электропривод.SLDPRT;1
Винт A.M1.6-6gx3.36.10.013 ГОСТ 1491-80.sldprt;4
Винт B.M2.5-6gx6.36.10.013 ГОСТ 1491-80.sldprt;4
Кольцо 012-015-19 ГОСТ 9833-73.SLDPRT;1
ПАКБ.468373.016 - Блок датчиков.SLDASM;1
_QRE1113GR.SLDPRT;2
_ЦКБ.2020.10.19.1558v3 - Плата.SLDPRT;1
ПАКБ.713162.007 - Втулка.SLDPRT;1
ПАКБ.733161.032 - Шток.SLDPRT;1
ПАКБ.745422.036 - Прижим.SLDPRT;1
ПАКБ.753182.005 - Корпус арретира.SLDPRT;1
ПАКБ.758151.045 - Штифт.SLDPRT;1
Шайба A.1.6.01.08.013 ГОСТ 10450-78.sldprt;2
ПАКБ.711144.088 - Пластина .SLDPRT;1
ПАКБ.711152.061 - Кольцо.SLDPRT;1
ПАКБ.711352.058 - Фланец.sldprt;1
ПАКБ.711352.059 - Фланец.sldprt;1
ПАКБ.711358.009 - Фланец.SLDPRT;1
ПАКБ.711452.020 - Вал.sldprt;1
ПАКБ.711494.011 - Фланец.SLDPRT;1
ПАКБ.713442.004 - Втулка.SLDPRT;1
ПАКБ.715511.027 - Шток.SLDPRT;1
ПАКБ.723323.003 - Упор.SLDPRT;1
ПАКБ.733151.037 - Направляющая.SLDPRT;1
ПАКБ.733151.038_ - Кронштейн.SLDPRT;1
Подшипник 1000815 ГОСТ 8338-75.sldprt;1
ПАКБ.303358.004 - Узел привода Z.SLDASM;1
Absolute position encoder DS-130-64-3SH.SLDASM;1
MP-03443-00.sldprt;1
MP-03444-01(Default).sldprt;1
MP-03445-00.sldprt;1
Болт M8-6gx16.88.40Х.016 ГОСТ 7805-70.sldprt;10
ВКУ оптическое Moflon MFO 100-02-LC-01-R400-S800.SLDASM;1
Rotor^ВКУ оптическое Moflon MFO 100-02-LC-01-R400-S800.sldprt;1
Stator^ВКУ оптическое Moflon MFO 100-02-LC-01-R400-S800.sldprt;1
Винт A.M1.6-6gx5.56.30.013 ГОСТ 1491-80.sldprt;3
Винт A.M2-6gx3.56.30.016 ГОСТ 1491-80.sldprt;6
Винт A.M2-6gx5.56.30.016 ГОСТ 17475-80.sldprt;2
Винт A.M3-6gx8.56.30.016 ГОСТ 17475-80.sldprt;11
Винт A.M4-6gx10.56.30.016 ГОСТ 1491-80.sldprt;4
Винт A.M4-6gx16.58.10.016 ГОСТ 17475-80.sldprt;12
Винт A.M4-6gx5.56.30.016 ГОСТ 17475-80.sldprt;10
Винт A.M4-6gx6.56.30.016 ГОСТ 17475-80.sldprt;8
Винт A.M4-6gx8.56.30.016 ГОСТ 17475-80.sldprt;4
Винт с цилиндрической головкой и шестигранным углублением под ключ ГОСТ Р ИСО 4762-M2.5х5-А2-70.sldprt;13
Винт с цилиндрической головкой и шестигранным углублением под ключ ГОСТ Р ИСО 4762-M2х4-А2-70.sldprt;6
Винт с цилиндрической головкой и шестигранным углублением под ключ ГОСТ Р ИСО 4762-M3х6-А2-70.sldprt;13
Винт с цилиндрической головкой и шестигранным углублением под ключ ГОСТ Р ИСО 4762-M3х8-А2-70.sldprt;12
Винт с цилиндрической головкой и шестигранным углублением под ключ ГОСТ Р ИСО 4762-M4х10-А2-70.sldprt;30
Винт с цилиндрической головкой и шестигранным углублением под ключ ГОСТ Р ИСО 4762-M4х12-А2-70.sldprt;12
Винт с цилиндрической головкой и шестигранным углублением под ключ ГОСТ Р ИСО 4762-M4х8-А2-70.sldprt;14
Винт с цилиндрической головкой и шестигранным углублением под ключ ГОСТ Р ИСО 4762-M5х25-А2-70.sldprt;12
Винт с цилиндрической головкой и шестигранным углублением под ключ ГОСТ Р ИСО 4762-M6х20-А2-70.sldprt;20
Винт с цилиндрической головкой и шестигранным углублением под ключ ГОСТ Р ИСО 4762-M8х16-А2-70.sldprt;12
Кольцо 220-225-36-2-2 ГОСТ 18829-73.SLDPRT;1
Кольцо 225-230-36-2-2 ГОСТ 18829-73.SLDPRT;1
Кольцо 235-240-36-2-2 ГОСТ 18829-73.SLDPRT;1
Кольцо A25 ГОСТ 13942-86.sldprt;2
Манжета 2.2-115х145-3 ГОСТ 8752-79.sldprt;1
ПАКБ.304271.005 - Арретир.SLDASM;1
FL28STH-110B ООО НПФ Электропривод.SLDPRT;1
Винт A.M2.5-6gx5.58.20.016 ГОСТ 17475-80.sldprt;4
Винт A.M3-6gx10.58.20.016 ГОСТ 17475-80.sldprt;3
ПАКБ.711362.039 - Втулка.SLDPRT;1
ПАКБ.713324.007 - Шток.SLDPRT;1
ПАКБ.753182.002 - Корпус арретира.SLDPRT;1
ПАКБ.758151.039 - Штифт.SLDPRT;1
ПАКБ.758491.042 - Шайба.SLDPRT;1
ПАКБ.467451.050 - Блок арретиров.SLDASM;1
ПАКБ.467451.050 - Блок арретиров.SLDPRT;1
ПАКБ.467459.046 - Блок обработки информации.sldasm;1
Винт A.M2.5-6gx6.58.10.016 ГОСТ 17475-80.sldprt;4
Винт A.M2x5.56.30.016 ГОСТ 1491-80.sldprt;4
Винт A.M3-6gx5.58.10.016 ГОСТ 17475-80.sldprt;4
Винт A.M3-6gx6.58.10.016 ГОСТ 1491-80.sldprt;12
Винт с цилиндрической головкой и шестигранным углублением под ключ ГОСТ Р ИСО 4762-M2.5х5-А2-70.sldprt;2
Винт с цилиндрической головкой и шестигранным углублением под ключ ГОСТ Р ИСО 4762-M2х5-А2-70.sldprt;4
Винт с цилиндрической головкой и шестигранным углублением под ключ ГОСТ Р ИСО 4762-M3х16-А2-70.sldprt;1
Винт с цилиндрической головкой и шестигранным углублением под ключ ГОСТ Р ИСО 4762-M3х6-А2-70.sldprt;4
Гайка M3-6H.5.10.016 ГОСТ 5927-70.sldprt;11
Заглушка РС10ТВ блочная.SLDPRT;1
Заглушка ЭПР11F_W_R.SLDPRT;2
Заглушка ЭПР13F_W_R.SLDPRT;1
Копия Нитка крученая 3к ОСТ 17-330-2002_ПАКБ.467459.046 - Блок обработки информации.sldprt;1
ПАКБ.203721.002 - Кабель оптический.SLDASM;1
ОС144Е-2.11В-NWП21.SLDPRT;1
ПАКБ.431422.127 - Блок фильтра питания.SLDASM;1
532610271.SLDPRT;1
МРМ4-В20ДМ БКЮС.468240.003 ТУ.SLDPRT;1
ПАКБ.758724.069 - Плата блока фильтра питания.SLDPRT;1
ПАКБ.467444.039 - Телеавтомат сопровождения.SLDASM;1
221V06F26.SLDPRT;1
221V08F26.SLDPRT;2
68000-x06.SLDPRT;3
AM5728BABCXEA.SLDPRT;1
DM3AT-SF-PEJM5_DM3AT-SF-PEJM5.sldprt;1
FTR_110_51_S_D_06.sldasm;1
_FTR_110_51_S_D_006_body_2.sldprt;1
_FTR_110_51_S_D_006_pins_4.sldprt;1
MT41K256M16TW-107-ПАКБ.467444.039 - Телеавтомат сопровождения.SLDPRT;1
TPS6590378ZWST-ПАКБ.467444.039 - Телеавтомат сопровождения.SLDPRT;1
Деталь4-ПАКБ.467444.039 - Телеавтомат сопровождения.SLDPRT;1
ПАКБ.687263.045 - Плата.sldprt;1
ПАКБ.467451.068 - Модуль управления.SLDASM;1
221V04F26.SLDPRT;1
221V06F26.SLDPRT;3
221V08F26.SLDPRT;1
221V10F26.SLDPRT;1
24_24_skrpx_sm06b_srss.SLDPRT;1
5CGXFC7D6F27I7N.SLDPRT;1
CY15B104Q-SXI.SLDASM;1
CY15B104Q-SXIBody.SLDPRT;1
CY15B104Q-SXIPinsArrayLR.SLDPRT;1
MT41K256M16HA-125^ПАКБ.467451.068 - Модуль управления.SLDPRT;1
SFP.SLDPRT;5
TEN 30.SLDPRT;1
VSC8601XKN^ПАКБ.467451.068 - Модуль управления.SLDPRT;1
ПАКБ.687263.044 - Плата.sldprt;1
ПАКБ.658621.347 - Кабель JTAG МУ.SLDASM;1
221Y06F22H.SLDPRT;1
ПАКБ.685621.339 - Кабель Ethernet внешний.sldasm;1
СНЦ144-13.11В011BWП.SLDPRT;1
ПАКБ.685621.341 - Кабель внешнего питания.SLDASM;1
СНЦ144-4.13ВО11-AWП.SLDPRT;1
ПАКБ.685621.346 - Кабель UART TC.SLDASM;1
221Y04F22H.SLDPRT;1
ПАКБ.685623.029 - Кабель соединительный внешний CAN.SLDPRT;1
ПАКБ.687219.001 - Клемма.sldasm;1
Гайка M4.5.10.016 ГОСТ 5927-70.sldprt;2
ПАКБ.713523.003 - Стержень.sldprt;1
ПАКБ.758412.010 - Гайка.sldprt;1
Шайба A.4.01.08кп.016 ГОСТ 11371-78.sldprt;1
ПАКБ.713141.106 - Втулка.SLDPRT;21
ПАКБ.713141.106 - Втулка.SLDPRT;1
ПАКБ.741124.332 - Радиатор.sldprt;1
ПАКБ.741214.082 - Пластина.SLDPRT;1
ПАКБ.741234.041 - Пластина.SLDPRT;1
ПАКБ.741354.040 - Кронштейн.sldprt;1
ПАКБ.741424.091 - Крышка.SLDPRT;1
ПАКБ.741642.017 - Радиатор.SLDPRT;1
ПАКБ.753171.008 - Фланец.SLDPRT;1
ПАКБ.758271.017 - Шпилька.SLDPRT;3
ПАКБ.758271.017 - Шпилька.SLDPRT;5
ПАКБ.758271.017 - Шпилька.SLDPRT;2
Термопрокладка 6wmk 25 shore OO 10мм x 10мм x 1.5мм_ПАКБ.467459.046 - Блок обработки информации.sldprt;1
Термопрокладка 6wmk 25 shore OO 13мм x 13мм x 1.5мм_ПАКБ.467459.046 - Блок обработки информации.sldprt;1
Термопрокладка 6wmk 25 shore OO 15мм x 44мм x 1.5мм_ПАКБ.467459.046 - Блок обработки информации.sldprt;1
Термопрокладка 6wmk 25 shore OO 23мм x 23мм x 0.5мм_ПАКБ.467459.046 - Блок обработки информации.sldprt;1
Термопрокладка 6wmk 25 shore OO 26мм x 51мм x 1.5мм_ПАКБ.467459.046 - Блок обработки информации.sldprt;1
Термопрокладка 6wmk 25 shore OO 27мм x 27мм x 1.5мм_ПАКБ.467459.046 - Блок обработки информации.sldprt;1
Термопрокладка 6wmk 25 shore OO 9мм x 14мм x 1.5мм_ПАКБ.467459.046 - Блок обработки информации.sldprt;2
Шайба A.2.5.01.08.016 ГОСТ 10450-78.sldprt;2
Шайба A.3.01.08.016 ГОСТ 10450-78.sldprt;20
ПАКБ.468363.061 - Блок коммутации до ВКУ.SLDASM;1
221V04F25-0202-3400CMM.SLDPRT;1
221VL06F26.SLDPRT;1
221VL10F26.SLDPRT;1
User Library-TO545P1905X510_HS-3.SLDPRT;1
Плата печатная^ПАКБ.468363.061 - Блок коммутации до ВКУ.sldprt;1
ПАКБ.711141.459 - Фланец.sldprt;1
ПАКБ.711144.071 - Кольцо стопорное.sldprt;1
ПАКБ.711146.005 - Фланец.sldprt;1
ПАКБ.711146.007 - Фланец.sldprt;1
ПАКБ.711192.040 - Кольцо.SLDPRT;1
ПАКБ.711192.041 - Прокладка.sldprt;3
ПАКБ.711348.010 - Фланец.SLDPRT;1
ПАКБ.711352.055 - Фланец.SLDPRT;1
ПАКБ.711352.056 - Кожух.SLDPRT;1
ПАКБ.711352.057 - Фланец.sldprt;1
ПАКБ.711354.068 - Фланец.SLDPRT;1
ПАКБ.711378.001 - Фланец.SLDPRT;1
ПАКБ.711492.007 - Фланец.sldprt;1
ПАКБ.711652.008 - Фланец.sldprt;1
ПАКБ.711692.002 - Фланец.SLDPRT;1
ПАКБ.712376.001 - Фланец.SLDPRT;1
ПАКБ.712672.001 - Фланец.sldprt;1
ПАКБ.713394.003 - Кронштейн.SLDPRT;1
ПАКБ.713452.008 - Фланец.sldprt;1
ПАКБ.714444.001 - Втулка.sldprt;1
ПАКБ.715454.002 - Ось.SLDPRT;1
ПАКБ.715531.013 - Стойка.SLDPRT;8
ПАКБ.733161.010 - Кронштейн.sldprt;1
ПАКБ.741532.112 - Корпус.SLDPRT;1
ПАКБ.745212.039 - Теплоотвод.SLDPRT;1
Элемент списка вырезов1;1
ПАКБ.745422.035 - Теплоотвод.SLDPRT;1
Элемент списка вырезов1;1
ПАКБ.758221.026 - Винт.sldprt;2
Подшипник 1000805 ГОСТ 8338-75.sldprt;1
Подшипник IKO CRBS 17013 V UU.SLDPRT;1
Токосъемник с разъединяемым контактом SNS025-0810-1305 21 кольцо ф. Senring Статор.SLDASM;1
Копия Копия Кольца SNS025-0810-0905^Токосъемник с разъединяемым контактом SNS025-0810-1305 21 кольцо ф. Senring Статор.SLDPRT;1
Щетки^Токосъемник с разъединяемым контактом SNS025-0810-1305 21 кольцо ф. Senring Статор.sldprt;1
Токосъемник с разъединяемым контактом SNS025-0813-0905 21 кольцо ф. Senring ротор.SLDASM;1
Кольца^Токосъемник с разъединяемым контактом SNS025-0813-0905 21 кольцо ф. Senring ротор.sldprt;1
Копия Кольца SNS025-0810-0905^Токосъемник с разъединяемым контактом SNS025-0813-0905 21 кольцо ф. Senring ротор.SLDPRT;1
Шайба A.2.5.01.08.016 ГОСТ 11371-78.sldprt;13
Шайба A.3.01.08.016 ГОСТ 10450-78.sldprt;9
Шайба A.4.01.08.016 ГОСТ 11371-78.sldprt;4
Электродвигатель ДБМВ185-16-0.06 ЮЛИТ.520022.001ТУ.SLDASM;1
Ротор_Электродвигатель ДБМВ185-16-0.06 ЮЛИТ.520022.001ТУ.sldprt;1
Статор_Электродвигатель ДБМВ185-16-0.06 ЮЛИТ.520022.001ТУ.sldprt;1
ПАКБ.402113.005 - Блок гироскопов.SLDASM;1
RAEL_402139_07.sldprt;3
Винт A.M2.5-6gx8.58.10.016 ГОСТ 17475-80.sldprt;12
Винт с цилиндрической головкой и шестигранным углублением под ключ ГОСТ Р ИСО 4762-M2.5х5-А2-70.sldprt;12
ПАКБ. 741368.009 - Основание.sldprt;1
ПАКБ.301535.011 - Прижим.SLDASM;6
ПАКБ.741124.314 - Пластина.SLDPRT;1
ПАКБ.754141.092 - Пластина.SLDPRT;1
ПАКБ.715131.022 - Стойка.sldprt;4
ПАКБ.715131.022 - Стойка.sldprt;8
ПАКБ.467451.050 - Блок арретиров.SLDASM;1
ПАКБ.467451.050 - Блок арретиров.SLDPRT;1
ПАКБ.467459.049 - Блок привода.SLDASM;3
221D00F26-0003-340045_BP_SOP_OE.SLDPRT;1
221D00F26-0004-340045_BP_SOP_OE.SLDPRT;1
221VL04F26_BP_SOP_OE.SLDPRT;2
221VL06F26_BP_SOP_OE.SLDPRT;3
221VL08F26_BP_SOP_OE.SLDPRT;1
222C04M16_PB_SOP_OE.SLDPRT;2
222C06M16_BP_SOP_OE.SLDPRT;3
222C08M16_BP_SOP_OE.SLDPRT;1
222E00M16-0003-4310_SOP_OE.SLDPRT;1
222E00M16-0004-4310_SOP_OE.SLDPRT;1
M22-2510605.SLDPRT;1
ЦКБ.2021.06.15.3926 - Плата.SLDPRT;1
ПАКБ.468363.075 - Блок коммутации после ВКУ №1.SLDASM;1
222C04M16_PB_SOP_OE.SLDPRT;2
222C08M16_BP_SOP_OE.SLDPRT;1
222C10M16_BP_SOP_OE.SLDPRT;1
222E00M16-0003-4310_SOP_OE.SLDPRT;1
222E00M16-0005-4310_SOP_OE.SLDPRT;2
ПАКБ.758723.096 - Плата блока коммутации после ВКУ №1.SLDPRT;1
ПАКБ.468363.076 - Блок коммутации после ВКУ №2.SLDASM;1
222C04M16_PB_SOP_OE.SLDPRT;1
222C06M16_BP_SOP_OE.SLDPRT;1
222C08M16_BP_SOP_OE.SLDPRT;1
222E00M16-0003-4310_SOP_OE.SLDPRT;3
222E00M16-0005-4310_SOP_OE.SLDPRT;1
ПАКБ.758723.097 - Плата блока коммутации после ВКУ №2.SLDPRT;1
ПАКБ.685621.328 - Кабель ВОГ.SLDPRT;1
ПАКБ.685621.328 - Кабель ВОГ.SLDPRT;1
ПАКБ.685621.328 - Кабель ВОГ.SLDPRT;1
ПАКБ.713141.087 - Втулка.SLDPRT;4
ПАКБ.713263.019 - Втулка резьбовая.SLDPRT;16
ПАКБ.713563.027 - Втулка.SLDPRT;6
ПАКБ.715131.024 - Стойка.sldprt;2
ПАКБ.715533.017 - Стойка.sldprt;1
ПАКБ.731197.010 -  Корпус средний.SLDPRT;1
ПАКБ.733121.104 - Кронштейн .sldprt;1
ПАКБ.735224.026 - Крышка боковая.sldprt;2
ПАКБ.751731.003 - Вилка.SLDPRT;1
ЦКБ.2021.07.13.4168 - Крышка.SLDPRT;1
ЦКБ.2021.07.13.4170 - Стойка.SLDPRT;12
Шайба A.3.01.08.013 ГОСТ 10450-78.sldprt;12
Шайба A.3.01.08.016 ГОСТ 10450-78.sldprt;16
Штифт 4x10.Хим.Окс.прм. ГОСТ 3128-70.sldprt;8
ПАКБ.431422.136 - Блок питания с кронштейном.SLDASM;1
Винт с цилиндрической головкой и шестигранным углублением под ключ ГОСТ Р ИСО 4762-M3х20-А2-70.sldprt;4
Винт с цилиндрической головкой и шестигранным углублением под ключ ГОСТ Р ИСО 4762-M3х25-А2-70.sldprt;4
Гайка M3.5.20.016 ГОСТ 5927-70.sldprt;8
КПТД1^ПАКБ.431422.136 - Блок питания с кронштейном.sldprt;1
КПТД2^ПАКБ.431422.136 - Блок питания с кронштейном.sldprt;1
ПАКБ.468363.058 - Блок коммутации и питания каналов.sldasm;1
468363_032_009276004021106.sldprt;1
468363_032_221VL12F31.sldprt;1
468363_032_321VL012F51.sldprt;1
468363_032_321VL018F51.sldprt;2
468363_032_PLATA.sldprt;1
468363_032_VH_PIT.sldprt;1
SFP.SLDPRT;2
ПАКБ.713141.087 - Втулка.SLDPRT;8
ПАКБ.713141.087-01 - Втулка.SLDPRT;4
ПАКБ.713141.087-02 - Втулка.SLDPRT;4
ПАКБ.741424.074 - Радиатор.sldprt;1
ПАКБ.741612.045 - Радиатор.sldprt;1
ПАКБ.745361.004 - Пластина.SLDPRT;1
Элемент списка вырезов1;1
ПАКБ.433711.006 - Лазерный информационный (лучевой) канал управления (ЛЛКУ).SLDASM;1
2-х координатный акустооптический дефлектор с блоком управления V2_СЧ_V2.SLDASM;1
U.FL-R-SMT-1_СЧ_V2.SLDPRT;2
Undefined_100_СЧ_V2.SLDPRT;1
Undefined_101_СЧ_V2.SLDPRT;1
Undefined_102_СЧ_V2.SLDPRT;1
Undefined_103_СЧ_V2.SLDPRT;1
Undefined_104_СЧ_V2.SLDPRT;1
Undefined_105_СЧ_V2.SLDPRT;1
Undefined_106_СЧ_V2.SLDPRT;1
Undefined_107_СЧ_V2.SLDPRT;1
Undefined_108_СЧ_V2.SLDPRT;1
Undefined_109_СЧ_V2.SLDPRT;1
Undefined_10_СЧ_V2.SLDPRT;1
Undefined_110_СЧ_V2.SLDPRT;1
Undefined_111_СЧ_V2.SLDPRT;1
Undefined_112_СЧ_V2.SLDPRT;1
Undefined_113_СЧ_V2.SLDPRT;1
Undefined_114_СЧ_V2.SLDPRT;1
Undefined_115_СЧ_V2.SLDPRT;1
Undefined_116_СЧ_V2.SLDPRT;1
Undefined_117_СЧ_V2.SLDPRT;1
Undefined_118_СЧ_V2.SLDPRT;1
Undefined_119_СЧ_V2.SLDPRT;1
Undefined_11_СЧ_V2.SLDPRT;1
Undefined_120_СЧ_V2.SLDPRT;1
Undefined_121_СЧ_V2.SLDPRT;1
Undefined_122_СЧ_V2.SLDPRT;1
Undefined_123_СЧ_V2.SLDPRT;1
Undefined_124_СЧ_V2.SLDPRT;1
Undefined_125_СЧ_V2.SLDPRT;1
Undefined_126_СЧ_V2.SLDPRT;1
Undefined_127_СЧ_V2.SLDPRT;1
Undefined_128_СЧ_V2.SLDPRT;1
Undefined_129_СЧ_V2.SLDPRT;1
Undefined_12_СЧ_V2.SLDPRT;1
Undefined_130_СЧ_V2.SLDPRT;1
Undefined_131_СЧ_V2.SLDPRT;1
Undefined_132_СЧ_V2.SLDPRT;1
Undefined_133_СЧ_V2.SLDPRT;1
Undefined_134_СЧ_V2.SLDPRT;1
Undefined_135_СЧ_V2.SLDPRT;1
Undefined_136_СЧ_V2.SLDPRT;1
Undefined_137_СЧ_V2.SLDPRT;1
Undefined_138_СЧ_V2.SLDPRT;1
Undefined_139_СЧ_V2.SLDPRT;1
Undefined_13_СЧ_V2.SLDPRT;1
Undefined_140_СЧ_V2.SLDPRT;1
Undefined_141_СЧ_V2.SLDPRT;1
Undefined_142_СЧ_V2.SLDPRT;1
Undefined_143_СЧ_V2.SLDPRT;1
Undefined_144_СЧ_V2.SLDPRT;1
Undefined_145_СЧ_V2.SLDPRT;1
Undefined_146_СЧ_V2.SLDPRT;1
Undefined_147_СЧ_V2.SLDPRT;1
Undefined_148_СЧ_V2.SLDPRT;1
Undefined_149_СЧ_V2.SLDPRT;1
Undefined_14_СЧ_V2.SLDPRT;1
Undefined_150_СЧ_V2.SLDPRT;1
Undefined_151_СЧ_V2.SLDPRT;1
Undefined_152_СЧ_V2.SLDPRT;1
Undefined_153_СЧ_V2.SLDPRT;1
Undefined_154_СЧ_V2.SLDPRT;1
Undefined_155_СЧ_V2.SLDPRT;1
Undefined_156_СЧ_V2.SLDPRT;1
Undefined_157_СЧ_V2.SLDPRT;1
Undefined_158_СЧ_V2.SLDPRT;1
Undefined_159_СЧ_V2.SLDPRT;1
Undefined_15_СЧ_V2.SLDPRT;1
Undefined_160_СЧ_V2.SLDPRT;1
Undefined_161_СЧ_V2.SLDPRT;1
Undefined_162_СЧ_V2.SLDPRT;1
Undefined_163_СЧ_V2.SLDPRT;1
Undefined_164_СЧ_V2.SLDPRT;1
Undefined_165_СЧ_V2.SLDPRT;1
Undefined_166_СЧ_V2.SLDPRT;1
Undefined_167_СЧ_V2.SLDPRT;1
Undefined_168_СЧ_V2.SLDPRT;1
Undefined_169_СЧ_V2.SLDPRT;1
Undefined_16_СЧ_V2.SLDPRT;1
Undefined_170_СЧ_V2.SLDPRT;1
Undefined_171_СЧ_V2.SLDPRT;1
Undefined_172_СЧ_V2.SLDPRT;1
Undefined_173_СЧ_V2.SLDPRT;1
Undefined_174_СЧ_V2.SLDPRT;1
Undefined_175_СЧ_V2.SLDPRT;1
Undefined_176_СЧ_V2.SLDPRT;1
Undefined_177_СЧ_V2.SLDPRT;1
Undefined_178_СЧ_V2.SLDPRT;1
Undefined_179_СЧ_V2.SLDPRT;1
Undefined_17_СЧ_V2.SLDPRT;1
Undefined_180_СЧ_V2.SLDPRT;1
Undefined_181_СЧ_V2.SLDPRT;1
Undefined_182_СЧ_V2.SLDPRT;1
Undefined_183_СЧ_V2.SLDPRT;1
Undefined_184_СЧ_V2.SLDPRT;1
Undefined_185_СЧ_V2.SLDPRT;1
Undefined_186_СЧ_V2.SLDPRT;1
Undefined_187_СЧ_V2.SLDPRT;1
Undefined_188_СЧ_V2.SLDPRT;1
Undefined_189_СЧ_V2.SLDPRT;1
Undefined_18_СЧ_V2.SLDPRT;1
Undefined_190_СЧ_V2.SLDPRT;1
Undefined_191_СЧ_V2.SLDPRT;1
Undefined_192_СЧ_V2.SLDPRT;1
Undefined_193_СЧ_V2.SLDPRT;1
Undefined_194_СЧ_V2.SLDPRT;1
Undefined_195_СЧ_V2.SLDPRT;1
Undefined_196_СЧ_V2.SLDPRT;1
Undefined_197_СЧ_V2.SLDPRT;1
Undefined_198_СЧ_V2.SLDPRT;1
Undefined_199_СЧ_V2.SLDPRT;1
Undefined_19_СЧ_V2.SLDPRT;1
Undefined_200_СЧ_V2.SLDPRT;1
Undefined_201_СЧ_V2.SLDPRT;1
Undefined_202_СЧ_V2.SLDPRT;1
Undefined_203_СЧ_V2.SLDPRT;1
Undefined_204_СЧ_V2.SLDPRT;1
Undefined_205_СЧ_V2.SLDPRT;1
Undefined_206_СЧ_V2.SLDPRT;1
Undefined_207_СЧ_V2.SLDPRT;1
Undefined_208_СЧ_V2.SLDPRT;1
Undefined_209_СЧ_V2.SLDPRT;1
Undefined_20_СЧ_V2.SLDPRT;1
Undefined_210_СЧ_V2.SLDPRT;1
Undefined_211_СЧ_V2.SLDPRT;1
Undefined_212_СЧ_V2.SLDPRT;1
Undefined_213_СЧ_V2.SLDPRT;1
Undefined_214_СЧ_V2.SLDPRT;1
Undefined_215_СЧ_V2.SLDPRT;1
Undefined_216_СЧ_V2.SLDPRT;1
Undefined_217_СЧ_V2.SLDPRT;1
Undefined_218_СЧ_V2.SLDPRT;1
Undefined_219_СЧ_V2.SLDPRT;1
Undefined_21_СЧ_V2.SLDPRT;1
Undefined_220_СЧ_V2.SLDPRT;1
Undefined_221_СЧ_V2.SLDPRT;1
Undefined_222_СЧ_V2.SLDPRT;1
Undefined_223_СЧ_V2.SLDPRT;1
Undefined_224_СЧ_V2.SLDPRT;1
Undefined_225_СЧ_V2.SLDPRT;1
Undefined_226_СЧ_V2.SLDPRT;1
Undefined_227_СЧ_V2.SLDPRT;1
Undefined_228_СЧ_V2.SLDPRT;1
Undefined_229_СЧ_V2.SLDPRT;1
Undefined_22_СЧ_V2.SLDPRT;1
Undefined_230_СЧ_V2.SLDPRT;1
Undefined_231_СЧ_V2.SLDPRT;1
Undefined_232_СЧ_V2.SLDPRT;1
Undefined_233_СЧ_V2.SLDPRT;1
Undefined_234_СЧ_V2.SLDPRT;1
Undefined_235_СЧ_V2.SLDPRT;1
Undefined_236_СЧ_V2.SLDPRT;1
Undefined_237_СЧ_V2.SLDPRT;1
Undefined_238_СЧ_V2.SLDPRT;1
Undefined_239_СЧ_V2.SLDPRT;1
Undefined_23_СЧ_V2.SLDPRT;1
Undefined_240_СЧ_V2.SLDPRT;1
Undefined_241_СЧ_V2.SLDPRT;1
Undefined_242_СЧ_V2.SLDPRT;1
Undefined_243_СЧ_V2.SLDPRT;1
Undefined_244_СЧ_V2.SLDPRT;1
Undefined_245_СЧ_V2.SLDPRT;1
Undefined_246_СЧ_V2.SLDPRT;1
Undefined_247_СЧ_V2.SLDPRT;1
Undefined_248_СЧ_V2.SLDPRT;1
Undefined_249_СЧ_V2.SLDPRT;1
Undefined_24_СЧ_V2.SLDPRT;1
Undefined_250_СЧ_V2.SLDPRT;1
Undefined_251_СЧ_V2.SLDPRT;1
Undefined_252_СЧ_V2.SLDPRT;1
Undefined_253_СЧ_V2.SLDPRT;1
Undefined_254_СЧ_V2.SLDPRT;1
Undefined_255_СЧ_V2.SLDPRT;1
Undefined_256_СЧ_V2.SLDPRT;1
Undefined_257_СЧ_V2.SLDPRT;1
Undefined_258_СЧ_V2.SLDPRT;1
Undefined_259_СЧ_V2.SLDPRT;1
Undefined_25_СЧ_V2.SLDPRT;1
Undefined_260_СЧ_V2.SLDPRT;1
Undefined_261_СЧ_V2.SLDPRT;1
Undefined_262_СЧ_V2.SLDPRT;1
Undefined_263_СЧ_V2.SLDPRT;1
Undefined_264_СЧ_V2.SLDPRT;1
Undefined_265_СЧ_V2.SLDPRT;1
Undefined_266_СЧ_V2.SLDPRT;1
Undefined_267_СЧ_V2.SLDPRT;1
Undefined_268_СЧ_V2.SLDPRT;1
Undefined_269_СЧ_V2.SLDPRT;1
Undefined_26_СЧ_V2.SLDPRT;1
Undefined_270_СЧ_V2.SLDPRT;1
Undefined_271_СЧ_V2.SLDPRT;1
Undefined_272_СЧ_V2.SLDPRT;1
Undefined_273_СЧ_V2.SLDPRT;1
Undefined_274_СЧ_V2.SLDPRT;1
Undefined_275_СЧ_V2.SLDPRT;1
Undefined_276_СЧ_V2.SLDPRT;1
Undefined_277_СЧ_V2.SLDPRT;1
Undefined_278_СЧ_V2.SLDPRT;1
Undefined_279_СЧ_V2.SLDPRT;1
Undefined_27_СЧ_V2.SLDPRT;1
Undefined_280_СЧ_V2.SLDPRT;1
Undefined_281_СЧ_V2.SLDPRT;1
Undefined_282_СЧ_V2.SLDPRT;1
Undefined_283_СЧ_V2.SLDPRT;1
Undefined_284_СЧ_V2.SLDPRT;1
Undefined_285_СЧ_V2.SLDPRT;1
Undefined_286_СЧ_V2.SLDPRT;1
Undefined_287_СЧ_V2.SLDPRT;1
Undefined_288_СЧ_V2.SLDPRT;1
Undefined_289_СЧ_V2.SLDPRT;1
Undefined_28_СЧ_V2.SLDPRT;1
Undefined_290_СЧ_V2.SLDPRT;1
Undefined_291_СЧ_V2.SLDPRT;1
Undefined_292_СЧ_V2.SLDPRT;1
Undefined_293_СЧ_V2.SLDPRT;1
Undefined_294_СЧ_V2.SLDPRT;1
Undefined_295_СЧ_V2.SLDPRT;1
Undefined_296_СЧ_V2.SLDPRT;1
Undefined_297_СЧ_V2.SLDPRT;1
Undefined_298_СЧ_V2.SLDPRT;1
Undefined_299_СЧ_V2.SLDPRT;1
Undefined_29_СЧ_V2.SLDPRT;1
Undefined_2_СЧ_V2.SLDPRT;1
Undefined_300_СЧ_V2.SLDPRT;1
Undefined_301_СЧ_V2.SLDPRT;1
Undefined_302_СЧ_V2.SLDPRT;1
Undefined_303_СЧ_V2.SLDPRT;1
Undefined_304_СЧ_V2.SLDPRT;1
Undefined_305_СЧ_V2.SLDPRT;1
Undefined_306_СЧ_V2.SLDPRT;1
Undefined_307_СЧ_V2.SLDPRT;1
Undefined_308_СЧ_V2.SLDPRT;1
Undefined_309_СЧ_V2.SLDPRT;1
Undefined_30_СЧ_V2.SLDPRT;1
Undefined_310_СЧ_V2.SLDPRT;1
Undefined_311_СЧ_V2.SLDPRT;1
Undefined_312_СЧ_V2.SLDPRT;1
Undefined_313_СЧ_V2.SLDPRT;1
Undefined_314_СЧ_V2.SLDPRT;1
Undefined_315_СЧ_V2.SLDPRT;1
Undefined_316_СЧ_V2.SLDPRT;1
Undefined_317_СЧ_V2.SLDPRT;1
Undefined_318_СЧ_V2.SLDPRT;1
Undefined_319_СЧ_V2.SLDPRT;1
Undefined_31_СЧ_V2.SLDPRT;1
Undefined_320_СЧ_V2.SLDPRT;1
Undefined_321_СЧ_V2.SLDPRT;1
Undefined_322_СЧ_V2.SLDPRT;1
Undefined_323_СЧ_V2.SLDPRT;1
Undefined_324_СЧ_V2.SLDPRT;1
Undefined_325_СЧ_V2.SLDPRT;1
Undefined_326_СЧ_V2.SLDPRT;1
Undefined_327_СЧ_V2.SLDPRT;1
Undefined_328_СЧ_V2.SLDPRT;1
Undefined_329_СЧ_V2.SLDPRT;1
Undefined_32_СЧ_V2.SLDPRT;1
Undefined_330_СЧ_V2.SLDPRT;1
Undefined_331_СЧ_V2.SLDPRT;1
Undefined_332_СЧ_V2.SLDPRT;1
Undefined_333_СЧ_V2.SLDPRT;1
Undefined_334_СЧ_V2.SLDPRT;1
Undefined_335_СЧ_V2.SLDPRT;1
Undefined_336_СЧ_V2.SLDPRT;1
Undefined_337_СЧ_V2.SLDPRT;1
Undefined_338_СЧ_V2.SLDPRT;1
Undefined_339_СЧ_V2.SLDPRT;1
Undefined_33_СЧ_V2.SLDPRT;1
Undefined_340_СЧ_V2.SLDPRT;1
Undefined_341_СЧ_V2.SLDPRT;1
Undefined_342_СЧ_V2.SLDPRT;1
Undefined_343_СЧ_V2.SLDPRT;1
Undefined_344_СЧ_V2.SLDPRT;1
Undefined_345_СЧ_V2.SLDPRT;1
Undefined_346_СЧ_V2.SLDPRT;1
Undefined_347_СЧ_V2.SLDPRT;1
Undefined_348_СЧ_V2.SLDPRT;1
Undefined_349_СЧ_V2.SLDPRT;1
Undefined_34_СЧ_V2.SLDPRT;1
Undefined_350_СЧ_V2.SLDPRT;1
Undefined_351_СЧ_V2.SLDPRT;1
Undefined_352_СЧ_V2.SLDPRT;1
Undefined_353_СЧ_V2.SLDPRT;1
Undefined_354_СЧ_V2.SLDPRT;1
Undefined_355_СЧ_V2.SLDPRT;1
Undefined_356_СЧ_V2.SLDPRT;1
Undefined_357_СЧ_V2.SLDPRT;1
Undefined_358_СЧ_V2.SLDPRT;1
Undefined_359_СЧ_V2.SLDPRT;1
Undefined_35_СЧ_V2.SLDPRT;1
Undefined_360_СЧ_V2.SLDPRT;1
Undefined_361_СЧ_V2.SLDPRT;1
Undefined_362_СЧ_V2.SLDPRT;1
Undefined_363_СЧ_V2.SLDPRT;1
Undefined_364_СЧ_V2.SLDPRT;1
Undefined_365_СЧ_V2.SLDPRT;1
Undefined_366_СЧ_V2.SLDPRT;1
Undefined_367_СЧ_V2.SLDPRT;1
Undefined_368_СЧ_V2.SLDPRT;1
Undefined_369_СЧ_V2.SLDPRT;1
Undefined_36_СЧ_V2.SLDPRT;1
Undefined_370_СЧ_V2.SLDPRT;1
Undefined_371_СЧ_V2.SLDPRT;1
Undefined_372_СЧ_V2.SLDPRT;1
Undefined_373_СЧ_V2.SLDPRT;1
Undefined_374_СЧ_V2.SLDPRT;1
Undefined_375_СЧ_V2.SLDPRT;1
Undefined_376_СЧ_V2.SLDPRT;1
Undefined_377_СЧ_V2.SLDPRT;1
Undefined_378_СЧ_V2.SLDPRT;1
Undefined_379_СЧ_V2.SLDPRT;1
Undefined_37_СЧ_V2.SLDPRT;1
Undefined_380_СЧ_V2.SLDPRT;1
Undefined_381_СЧ_V2.SLDPRT;1
Undefined_382_СЧ_V2.SLDPRT;1
Undefined_383_СЧ_V2.SLDPRT;1
Undefined_384_СЧ_V2.SLDPRT;1
Undefined_385_СЧ_V2.SLDPRT;1
Undefined_386_СЧ_V2.SLDPRT;1
Undefined_387_СЧ_V2.SLDPRT;1
Undefined_388_СЧ_V2.SLDPRT;1
Undefined_389_СЧ_V2.SLDPRT;1
Undefined_38_СЧ_V2.SLDPRT;1
Undefined_390_СЧ_V2.SLDPRT;1
Undefined_391_СЧ_V2.SLDPRT;1
Undefined_392_СЧ_V2.SLDPRT;1
Undefined_393_СЧ_V2.SLDPRT;1
Undefined_394_СЧ_V2.SLDPRT;1
Undefined_395_СЧ_V2.SLDPRT;1
Undefined_396_СЧ_V2.SLDPRT;1
Undefined_397_СЧ_V2.SLDPRT;1
Undefined_398_СЧ_V2.SLDPRT;1
Undefined_399_СЧ_V2.SLDPRT;1
Undefined_39_СЧ_V2.SLDPRT;1
Undefined_3_СЧ_V2.SLDPRT;1
Undefined_400_СЧ_V2.SLDPRT;1
Undefined_401_СЧ_V2.SLDPRT;1
Undefined_402_СЧ_V2.SLDPRT;1
Undefined_403_СЧ_V2.SLDPRT;1
Undefined_404_СЧ_V2.SLDPRT;1
Undefined_405_СЧ_V2.SLDPRT;1
Undefined_406_СЧ_V2.SLDPRT;1
Undefined_407_СЧ_V2.SLDPRT;1
Undefined_408_СЧ_V2.SLDPRT;1
Undefined_409_СЧ_V2.SLDPRT;1
Undefined_40_СЧ_V2.SLDPRT;1
Undefined_410_СЧ_V2.SLDPRT;1
Undefined_411_СЧ_V2.SLDPRT;1
Undefined_412_СЧ_V2.SLDPRT;1
Undefined_413_СЧ_V2.SLDPRT;1
Undefined_414_СЧ_V2.SLDPRT;1
Undefined_415_СЧ_V2.SLDPRT;1
Undefined_416_СЧ_V2.SLDPRT;1
Undefined_417_СЧ_V2.SLDPRT;1
Undefined_418_СЧ_V2.SLDPRT;1
Undefined_419_СЧ_V2.SLDPRT;1
Undefined_41_СЧ_V2.SLDPRT;1
Undefined_420_СЧ_V2.SLDPRT;1
Undefined_421_СЧ_V2.SLDPRT;1
Undefined_422_СЧ_V2.SLDPRT;1
Undefined_423_СЧ_V2.SLDPRT;1
Undefined_424_СЧ_V2.SLDPRT;1
Undefined_425_СЧ_V2.SLDPRT;1
Undefined_426_СЧ_V2.SLDPRT;1
Undefined_427_СЧ_V2.SLDPRT;1
Undefined_428_СЧ_V2.SLDPRT;1
Undefined_429_СЧ_V2.SLDPRT;1
Undefined_42_СЧ_V2.SLDPRT;1
Undefined_430_СЧ_V2.SLDPRT;1
Undefined_431_СЧ_V2.SLDPRT;1
Undefined_432_СЧ_V2.SLDPRT;1
Undefined_43_СЧ_V2.SLDPRT;1
Undefined_44_СЧ_V2.SLDPRT;1
Undefined_45_СЧ_V2.SLDPRT;1
Undefined_46_СЧ_V2.SLDPRT;1
Undefined_47_СЧ_V2.SLDPRT;1
Undefined_48_СЧ_V2.SLDPRT;1
Undefined_49_СЧ_V2.SLDPRT;1
Undefined_4_СЧ_V2.SLDPRT;1
Undefined_50_СЧ_V2.SLDPRT;1
Undefined_51_СЧ_V2.SLDPRT;1
Undefined_52_СЧ_V2.SLDPRT;1
Undefined_53_СЧ_V2.SLDPRT;1
Undefined_54_СЧ_V2.SLDPRT;1
Undefined_55_СЧ_V2.SLDPRT;1
Undefined_56_СЧ_V2.SLDPRT;1
Undefined_57_СЧ_V2.SLDPRT;1
Undefined_58_СЧ_V2.SLDPRT;1
Undefined_59_СЧ_V2.SLDPRT;1
Undefined_5_СЧ_V2.SLDPRT;1
Undefined_60_СЧ_V2.SLDPRT;1
Undefined_61_СЧ_V2.SLDPRT;1
Undefined_62_СЧ_V2.SLDPRT;1
Undefined_63_СЧ_V2.SLDPRT;1
Undefined_64_СЧ_V2.SLDPRT;1
Undefined_65_СЧ_V2.SLDPRT;1
Undefined_66_СЧ_V2.SLDPRT;1
Undefined_67_СЧ_V2.SLDPRT;1
Undefined_68_СЧ_V2.SLDPRT;1
Undefined_69_СЧ_V2.SLDPRT;1
Undefined_6_СЧ_V2.SLDPRT;1
Undefined_70_СЧ_V2.SLDPRT;1
Undefined_71_СЧ_V2.SLDPRT;1
Undefined_72_СЧ_V2.SLDPRT;1
Undefined_73_СЧ_V2.SLDPRT;1
Undefined_74_СЧ_V2.SLDPRT;1
Undefined_75_СЧ_V2.SLDPRT;1
Undefined_76_СЧ_V2.SLDPRT;1
Undefined_77_СЧ_V2.SLDPRT;1
Undefined_78_СЧ_V2.SLDPRT;1
Undefined_79_СЧ_V2.SLDPRT;1
Undefined_7_СЧ_V2.SLDPRT;1
Undefined_80_СЧ_V2.SLDPRT;1
Undefined_81_СЧ_V2.SLDPRT;1
Undefined_82_СЧ_V2.SLDPRT;1
Undefined_83_СЧ_V2.SLDPRT;1
Undefined_84_СЧ_V2.SLDPRT;1
Undefined_85_СЧ_V2.SLDPRT;1
Undefined_86_СЧ_V2.SLDPRT;1
Undefined_87_СЧ_V2.SLDPRT;1
Undefined_88_СЧ_V2.SLDPRT;1
Undefined_89_СЧ_V2.SLDPRT;1
Undefined_8_СЧ_V2.SLDPRT;1
Undefined_90_СЧ_V2.SLDPRT;1
Undefined_91_СЧ_V2.SLDPRT;1
Undefined_92_СЧ_V2.SLDPRT;1
Undefined_93_СЧ_V2.SLDPRT;1
Undefined_94_СЧ_V2.SLDPRT;1
Undefined_95_СЧ_V2.SLDPRT;1
Undefined_96_СЧ_V2.SLDPRT;1
Undefined_97_СЧ_V2.SLDPRT;1
Undefined_98_СЧ_V2.SLDPRT;1
Undefined_99_СЧ_V2.SLDPRT;1
Undefined_9_СЧ_V2.SLDPRT;1
Undefined_СЧ_V2.SLDPRT;1
Винт A.M2.5x6 ГОСТ 1491-80.sldprt;4
Шайба A.2.5.01.08.016 ГОСТ 10450-78.sldprt;4
Brd_LLKU_ktr_llku.SLDASM;1
A1_ktr_llku.SLDASM;1
TEN60N_ktr_llku.SLDPRT;1
BQ1_ktr_llku.SLDASM;1
OSCCC250X200X90L67X77_ktr_llku.SLDPRT;1
Board_ktr_llku.SLDASM;1
Open CASCADE STEP translator 6.8 1.1.1_ktr_llku.SLDPRT;1
C10_ktr_llku.SLDASM;1
CAPC3216x180_(1206)_L3.40W1.80T1.80B0.75_ktr_llku.SLDPRT;1
C11_ktr_llku.SLDASM;1
CAPC3216x180_(1206)_L3.40W1.80T1.80B0.75_ktr_llku.SLDPRT;1
C12_ktr_llku.SLDASM;1
CAPC1005x55(0402)=L105W55T55B30_ktr_llku.SLDPRT;1
C13_ktr_llku.SLDASM;1
CAPC1005x55(0402)=L105W55T55B30_ktr_llku.SLDPRT;1
C14_ktr_llku.SLDASM;1
CAPC1005x55(0402)=L105W55T55B30_ktr_llku.SLDPRT;1
C15_ktr_llku.SLDASM;1
CAPC1005x55(0402)=L105W55T55B30_ktr_llku.SLDPRT;1
C16_ktr_llku.SLDASM;1
CAPC1005x55(0402)=L105W55T55B30_ktr_llku.SLDPRT;1
C17_ktr_llku.SLDASM;1
CAPC1005x55(0402)=L105W55T55B30_ktr_llku.SLDPRT;1
C18_ktr_llku.SLDASM;1
CAPC1005x55(0402)=L105W55T55B30_ktr_llku.SLDPRT;1
C19_ktr_llku.SLDASM;1
CAPC1005x55(0402)=L105W55T55B30_ktr_llku.SLDPRT;1
C1_ktr_llku.SLDASM;1
CAPC3216x180_(1206)_L3.40W1.80T1.80B0.75_ktr_llku.SLDPRT;1
C20_ktr_llku.SLDASM;1
CAPC1005x55(0402)=L105W55T55B30_ktr_llku.SLDPRT;1
C21_ktr_llku.SLDASM;1
CAPC2012x100(0805)=L220W145T100B50_ktr_llku.SLDPRT;1
C22_ktr_llku.SLDASM;1
CAPC1608x90(0603)=L175W95T90B35_ktr_llku.SLDPRT;1
C23_ktr_llku.SLDASM;1
CAPC1608x90(0603)=L175W95T90B35_ktr_llku.SLDPRT;1
C24_ktr_llku.SLDASM;1
CAPC2012x100(0805)=L220W145T100B50_ktr_llku.SLDPRT;1
C25_ktr_llku.SLDASM;1
CAPC1608x90(0603)=L175W95T90B35_ktr_llku.SLDPRT;1
C26_ktr_llku.SLDASM;1
CAPC1005x55(0402)=L105W55T55B30_ktr_llku.SLDPRT;1
C27_ktr_llku.SLDASM;1
CAPC1005x55(0402)=L105W55T55B30_ktr_llku.SLDPRT;1
C28_ktr_llku.SLDASM;1
CAPC1005x55(0402)=L105W55T55B30_ktr_llku.SLDPRT;1
C29_ktr_llku.SLDASM;1
CAPC1005x55(0402)=L105W55T55B30_ktr_llku.SLDPRT;1
C2_ktr_llku.SLDASM;1
CAPC1608x90(0603)=L175W95T90B35_ktr_llku.SLDPRT;1
C30_ktr_llku.SLDASM;1
CAPC1005x55(0402)=L105W55T55B30_ktr_llku.SLDPRT;1
C31_ktr_llku.SLDASM;1
CAPC1005x55(0402)=L105W55T55B30_ktr_llku.SLDPRT;1
C32_ktr_llku.SLDASM;1
CAPC1005x55(0402)=L105W55T55B30_ktr_llku.SLDPRT;1
C33_ktr_llku.SLDASM;1
CAPC1005x55(0402)=L105W55T55B30_ktr_llku.SLDPRT;1
C34_ktr_llku.SLDASM;1
CAPC1005x55(0402)=L105W55T55B30_ktr_llku.SLDPRT;1
C35_ktr_llku.SLDASM;1
CAPC1005x55(0402)=L105W55T55B30_ktr_llku.SLDPRT;1
C36_ktr_llku.SLDASM;1
CAPC2012x100(0805)=L220W145T100B50_ktr_llku.SLDPRT;1
C37_ktr_llku.SLDASM;1
CAPC1005x55(0402)=L105W55T55B30_ktr_llku.SLDPRT;1
C38_ktr_llku.SLDASM;1
CAPC2012x100(0805)=L220W145T100B50_ktr_llku.SLDPRT;1
C39_ktr_llku.SLDASM;1
CAPC1005x55(0402)=L105W55T55B30_ktr_llku.SLDPRT;1
C3_ktr_llku.SLDASM;1
CAPC1005x55(0402)=L105W55T55B30_ktr_llku.SLDPRT;1
C40_ktr_llku.SLDASM;1
CAPC2012x100(0805)=L220W145T100B50_ktr_llku.SLDPRT;1
C41_ktr_llku.SLDASM;1
CAPC1005x55(0402)=L105W55T55B30_ktr_llku.SLDPRT;1
C42_ktr_llku.SLDASM;1
CAPC2012x100(0805)=L220W145T100B50_ktr_llku.SLDPRT;1
C43_ktr_llku.SLDASM;1
CAPC1005x55(0402)=L105W55T55B30_ktr_llku.SLDPRT;1
C44_ktr_llku.SLDASM;1
CAPC2012x100(0805)=L220W145T100B50_ktr_llku.SLDPRT;1
C45_ktr_llku.SLDASM;1
CAPC1005x55(0402)=L105W55T55B30_ktr_llku.SLDPRT;1
C46_ktr_llku.SLDASM;1
CAPC2012x100(0805)=L220W145T100B50_ktr_llku.SLDPRT;1
C47_ktr_llku.SLDASM;1
CAPC1005x55(0402)=L105W55T55B30_ktr_llku.SLDPRT;1
C48_ktr_llku.SLDASM;1
CAPC2012x100(0805)=L220W145T100B50_ktr_llku.SLDPRT;1
C49_ktr_llku.SLDASM;1
CAPC1005x55(0402)=L105W55T55B30_ktr_llku.SLDPRT;1
C4_ktr_llku.SLDASM;1
CAPC1005x55(0402)=L105W55T55B30_ktr_llku.SLDPRT;1
C50_ktr_llku.SLDASM;1
CAPC2012x100(0805)=L220W145T100B50_ktr_llku.SLDPRT;1
C51_ktr_llku.SLDASM;1
CAPC1005x55(0402)=L105W55T55B30_ktr_llku.SLDPRT;1
C52_ktr_llku.SLDASM;1
CAPC2012x100(0805)=L220W145T100B50_ktr_llku.SLDPRT;1
C53_ktr_llku.SLDASM;1
CAPC1005x55(0402)=L105W55T55B30_ktr_llku.SLDPRT;1
C54_ktr_llku.SLDASM;1
CAPC2012x100(0805)=L220W145T100B50_ktr_llku.SLDPRT;1
C55_ktr_llku.SLDASM;1
CAPC1005x55(0402)=L105W55T55B30_ktr_llku.SLDPRT;1
C56_ktr_llku.SLDASM;1
CAPC1005x55(0402)=L105W55T55B30_ktr_llku.SLDPRT;1
C57_ktr_llku.SLDASM;1
CAPC1005x55(0402)=L105W55T55B30_ktr_llku.SLDPRT;1
C58_ktr_llku.SLDASM;1
CAPC1005x55(0402)=L105W55T55B30_ktr_llku.SLDPRT;1
C59_ktr_llku.SLDASM;1
CAPC1005x55(0402)=L105W55T55B30_ktr_llku.SLDPRT;1
C5_ktr_llku.SLDASM;1
CAPC3216x180_(1206)_L3.40W1.80T1.80B0.75_ktr_llku.SLDPRT;1
C60_ktr_llku.SLDASM;1
CAPC1005x55(0402)=L105W55T55B30_ktr_llku.SLDPRT;1
C61_ktr_llku.SLDASM;1
CAPC1005x55(0402)=L105W55T55B30_ktr_llku.SLDPRT;1
C62_ktr_llku.SLDASM;1
CAPC1005x55(0402)=L105W55T55B30_ktr_llku.SLDPRT;1
C63_ktr_llku.SLDASM;1
CAPC1005x55(0402)=L105W55T55B30_ktr_llku.SLDPRT;1
C64_ktr_llku.SLDASM;1
CAPC1005x55(0402)=L105W55T55B30_ktr_llku.SLDPRT;1
C65_ktr_llku.SLDASM;1
CAPC1005x55(0402)=L105W55T55B30_ktr_llku.SLDPRT;1
C66_ktr_llku.SLDASM;1
CAPC1005x55(0402)=L105W55T55B30_ktr_llku.SLDPRT;1
C67_ktr_llku.SLDASM;1
CAPC1005x55(0402)=L105W55T55B30_ktr_llku.SLDPRT;1
C68_ktr_llku.SLDASM;1
CAPC1005x55(0402)=L105W55T55B30_ktr_llku.SLDPRT;1
C69_ktr_llku.SLDASM;1
NFM18PC(0603)=L160W85T65I70_ktr_llku.SLDPRT;1
C6_ktr_llku.SLDASM;1
CAPC1005x55(0402)=L105W55T55B30_ktr_llku.SLDPRT;1
C70_ktr_llku.SLDASM;1
CAPC1005x55(0402)=L105W55T55B30_ktr_llku.SLDPRT;1
C71_ktr_llku.SLDASM;1
CAPC1005x55(0402)=L105W55T55B30_ktr_llku.SLDPRT;1
C72_ktr_llku.SLDASM;1
CAPC1005x55(0402)=L105W55T55B30_ktr_llku.SLDPRT;1
C7_ktr_llku.SLDASM;1
CAPC1608x90(0603)=L175W95T90B35_ktr_llku.SLDPRT;1
C8_ktr_llku.SLDASM;1
CAPC3216x180_(1206)_L3.40W1.80T1.80B0.75_ktr_llku.SLDPRT;1
C9_ktr_llku.SLDASM;1
CAPC1608x90(0603)=L175W95T90B35_ktr_llku.SLDPRT;1
C_1_ktr_llku.SLDASM;1
CAPC1608x90(0603)=L175W95T90B35_ktr_llku.SLDPRT;1
C_2_ktr_llku.SLDASM;1
CAPC1005x55(0402)=L105W55T55B30_ktr_llku.SLDPRT;1
C_3_ktr_llku.SLDASM;1
CAPC1608x90(0603)=L175W95T90B35_ktr_llku.SLDPRT;1
DA1_ktr_llku.SLDASM;1
SON45P200X200X80L55X23T180X23-9_ktr_llku.SLDPRT;1
DA2_ktr_llku.SLDASM;1
SON50P300x300x80L40x25T238x165-11_ktr_llku.SLDPRT;1
DA3_ktr_llku.SLDASM;1
SON45P200X200X80L55X23T180X23-9_ktr_llku.SLDPRT;1
DA_1_ktr_llku.SLDASM;1
SON65P200X200X60L35X30T110X170-7_ktr_llku.SLDPRT;1
DD10_ktr_llku.SLDASM;1
SON50P300x300x80(LFCSP-8)-9_ktr_llku.SLDPRT;1
DD11_ktr_llku.SLDASM;1
SON50P300x300x80(LFCSP-8)-9_ktr_llku.SLDPRT;1
DD12_ktr_llku.SLDASM;1
QFN65P400X400X80(EP_S210)-17_ktr_llku.SLDPRT;1
DD13_ktr_llku.SLDASM;1
QFN65P400X400X80(EP_S210)-17_ktr_llku.SLDPRT;1
DD14_ktr_llku.SLDASM;1
QFN65P400X400X80(EP_S210)-17_ktr_llku.SLDPRT;1
DD15_ktr_llku.SLDASM;1
QFN65P400X400X80(EP_S210)-17_ktr_llku.SLDPRT;1
DD16_ktr_llku.SLDASM;1
QFN65P400X400X80(EP_S210)-17_ktr_llku.SLDPRT;1
DD17_ktr_llku.SLDASM;1
QFP50P1600X1600X160L60X22-100_ktr_llku.SLDPRT;1
DD1_ktr_llku.SLDASM;1
SOT65P210x100L36x22-6_ktr_llku.SLDPRT;1
DD2_ktr_llku.SLDASM;1
SOT65P210x100L36x22-6_ktr_llku.SLDPRT;1
DD3_ktr_llku.SLDASM;1
SOT65P210x100L36x22-6_ktr_llku.SLDPRT;1
DD4_ktr_llku.SLDASM;1
SOT65P210x100L36x22-6_ktr_llku.SLDPRT;1
DD5_ktr_llku.SLDASM;1
SOT65P210x100L36x22-6_ktr_llku.SLDPRT;1
DD6_ktr_llku.SLDASM;1
SOT65P210x100L36x22-6_ktr_llku.SLDPRT;1
DD7_ktr_llku.SLDASM;1
SOT65P210x100L36x22-6_ktr_llku.SLDPRT;1
DD8_ktr_llku.SLDASM;1
SOT65P210x100L36x22-6_ktr_llku.SLDPRT;1
DD9_ktr_llku.SLDASM;1
SOT65P210x100L36x22-6_ktr_llku.SLDPRT;1
L1_ktr_llku.SLDASM;1
SRP2512A_ktr_llku.SLDASM;1
SRP2512_Body_ktr_llku.SLDPRT;1
SRP2512_Patte_ktr_llku.SLDPRT;2
L2_ktr_llku.SLDASM;1
SRP4020TA_ktr_llku.SLDPRT;1
L3_ktr_llku.SLDASM;1
SRP2512A_ktr_llku.SLDASM;1
SRP2512_Body_ktr_llku.SLDPRT;1
SRP2512_Patte_ktr_llku.SLDPRT;2
R10_ktr_llku.SLDASM;1
RESC1005x35(0402)=L100W50T35B25_ktr_llku.SLDPRT;1
R11_ktr_llku.SLDASM;1
RESC1005x35(0402)=L100W50T35B25_ktr_llku.SLDPRT;1
R12_ktr_llku.SLDASM;1
RESC1005x35(0402)=L100W50T35B25_ktr_llku.SLDPRT;1
R13_ktr_llku.SLDASM;1
RESC1005x35(0402)=L100W50T35B25_ktr_llku.SLDPRT;1
R14_ktr_llku.SLDASM;1
RESC1005x35(0402)=L100W50T35B25_ktr_llku.SLDPRT;1
R15_ktr_llku.SLDASM;1
RESC1005x35(0402)=L100W50T35B25_ktr_llku.SLDPRT;1
R16_ktr_llku.SLDASM;1
RESC1005x35(0402)=L100W50T35B25_ktr_llku.SLDPRT;1
R17_ktr_llku.SLDASM;1
RESC1005x35(0402)=L100W50T35B25_ktr_llku.SLDPRT;1
R18_ktr_llku.SLDASM;1
RESC1005x35(0402)=L100W50T35B25_ktr_llku.SLDPRT;1
R19_ktr_llku.SLDASM;1
RESC2012x60(0805)=L200W125T60B40_ktr_llku.SLDPRT;1
R1_ktr_llku.SLDASM;1
RESC2012x60(0805)=L200W125T60B40_ktr_llku.SLDPRT;1
R20_ktr_llku.SLDASM;1
RESC2012x60(0805)=L200W125T60B40_ktr_llku.SLDPRT;1
R21_ktr_llku.SLDASM;1
RESC1005x35(0402)=L100W50T35B25_ktr_llku.SLDPRT;1
R22_ktr_llku.SLDASM;1
RESC1005x35(0402)=L100W50T35B25_ktr_llku.SLDPRT;1
R23_ktr_llku.SLDASM;1
RESC1005x35(0402)=L100W50T35B25_ktr_llku.SLDPRT;1
R24_ktr_llku.SLDASM;1
RESC1005x35(0402)=L100W50T35B25_ktr_llku.SLDPRT;1
R25_ktr_llku.SLDASM;1
RESC1005x35(0402)=L100W50T35B25_ktr_llku.SLDPRT;1
R26_ktr_llku.SLDASM;1
RESC1005x35(0402)=L100W50T35B25_ktr_llku.SLDPRT;1
R27_ktr_llku.SLDASM;1
RESC1005x35(0402)=L100W50T35B25_ktr_llku.SLDPRT;1
R28_ktr_llku.SLDASM;1
RESC1608x45(0603)=L160W80T45B30_ktr_llku.SLDPRT;1
R29_ktr_llku.SLDASM;1
RESC1005x35(0402)=L100W50T35B25_ktr_llku.SLDPRT;1
R2_ktr_llku.SLDASM;1
RESC2012x60(0805)=L200W125T60B40_ktr_llku.SLDPRT;1
R30_ktr_llku.SLDASM;1
RESC1005x35(0402)=L100W50T35B25_ktr_llku.SLDPRT;1
R31_ktr_llku.SLDASM;1
RESC1005x35(0402)=L100W50T35B25_ktr_llku.SLDPRT;1
R32_ktr_llku.SLDASM;1
RESC1005x35(0402)=L100W50T35B25_ktr_llku.SLDPRT;1
R33_ktr_llku.SLDASM;1
RESC1005x35(0402)=L100W50T35B25_ktr_llku.SLDPRT;1
R34_ktr_llku.SLDASM;1
RESC2012x60(0805)=L200W125T60B40_ktr_llku.SLDPRT;1
R35_ktr_llku.SLDASM;1
RESC2012x60(0805)=L200W125T60B40_ktr_llku.SLDPRT;1
R36_ktr_llku.SLDASM;1
RESC1005x35(0402)=L100W50T35B25_ktr_llku.SLDPRT;1
R37_ktr_llku.SLDASM;1
RESC1005x35(0402)=L100W50T35B25_ktr_llku.SLDPRT;1
R38_ktr_llku.SLDASM;1
RESC1005x35(0402)=L100W50T35B25_ktr_llku.SLDPRT;1
R39_ktr_llku.SLDASM;1
RESC1005x35(0402)=L100W50T35B25_ktr_llku.SLDPRT;1
R3_ktr_llku.SLDASM;1
RESC2012x60(0805)=L200W125T60B40_ktr_llku.SLDPRT;1
R40_ktr_llku.SLDASM;1
RESC1005x35(0402)=L100W50T35B25_ktr_llku.SLDPRT;1
R41_ktr_llku.SLDASM;1
RESC1005x35(0402)=L100W50T35B25_ktr_llku.SLDPRT;1
R42_ktr_llku.SLDASM;1
RESC1005x35(0402)=L100W50T35B25_ktr_llku.SLDPRT;1
R43_ktr_llku.SLDASM;1
RESC1005x35(0402)=L100W50T35B25_ktr_llku.SLDPRT;1
R44_ktr_llku.SLDASM;1
RESC1005x35(0402)=L100W50T35B25_ktr_llku.SLDPRT;1
R45_ktr_llku.SLDASM;1
RESC1005x35(0402)=L100W50T35B25_ktr_llku.SLDPRT;1
R46_ktr_llku.SLDASM;1
RESC1005x35(0402)=L100W50T35B25_ktr_llku.SLDPRT;1
R47_ktr_llku.SLDASM;1
RESC1005x35(0402)=L100W50T35B25_ktr_llku.SLDPRT;1
R48_ktr_llku.SLDASM;1
RESC1005x35(0402)=L100W50T35B25_ktr_llku.SLDPRT;1
R49_ktr_llku.SLDASM;1
RESC1005x35(0402)=L100W50T35B25_ktr_llku.SLDPRT;1
R4_ktr_llku.SLDASM;1
RESC2012x60(0805)=L200W125T60B40_ktr_llku.SLDPRT;1
R50_ktr_llku.SLDASM;1
RESC1005x35(0402)=L100W50T35B25_ktr_llku.SLDPRT;1
R51_ktr_llku.SLDASM;1
RESC1005x35(0402)=L100W50T35B25_ktr_llku.SLDPRT;1
R52_ktr_llku.SLDASM;1
RESC1005x35(0402)=L100W50T35B25_ktr_llku.SLDPRT;1
R53_ktr_llku.SLDASM;1
RESC1005x35(0402)=L100W50T35B25_ktr_llku.SLDPRT;1
R54_ktr_llku.SLDASM;1
RESC1005x35(0402)=L100W50T35B25_ktr_llku.SLDPRT;1
R55_ktr_llku.SLDASM;1
RESC2012x60(0805)=L200W125T60B40_ktr_llku.SLDPRT;1
R56_ktr_llku.SLDASM;1
RESC2012x60(0805)=L200W125T60B40_ktr_llku.SLDPRT;1
R57_ktr_llku.SLDASM;1
RESC2012x60(0805)=L200W125T60B40_ktr_llku.SLDPRT;1
R58_ktr_llku.SLDASM;1
RESC2012x60(0805)=L200W125T60B40_ktr_llku.SLDPRT;1
R59_ktr_llku.SLDASM;1
RESC2012x60(0805)=L200W125T60B40_ktr_llku.SLDPRT;1
R5_ktr_llku.SLDASM;1
RESC2012x60(0805)=L200W125T60B40_ktr_llku.SLDPRT;1
R60_ktr_llku.SLDASM;1
RESC1005x35(0402)=L100W50T35B25_ktr_llku.SLDPRT;1
R61_ktr_llku.SLDASM;1
RESC1005x35(0402)=L100W50T35B25_ktr_llku.SLDPRT;1
R62_ktr_llku.SLDASM;1
RESC1005x35(0402)=L100W50T35B25_ktr_llku.SLDPRT;1
R63_ktr_llku.SLDASM;1
RESC1005x35(0402)=L100W50T35B25_ktr_llku.SLDPRT;1
R64_ktr_llku.SLDASM;1
RESC1005x35(0402)=L100W50T35B25_ktr_llku.SLDPRT;1
R65_ktr_llku.SLDASM;1
RESC1005x35(0402)=L100W50T35B25_ktr_llku.SLDPRT;1
R66_ktr_llku.SLDASM;1
RESC1005x35(0402)=L100W50T35B25_ktr_llku.SLDPRT;1
R67_ktr_llku.SLDASM;1
RESC1005x35(0402)=L100W50T35B25_ktr_llku.SLDPRT;1
R68_ktr_llku.SLDASM;1
RESC1005x35(0402)=L100W50T35B25_ktr_llku.SLDPRT;1
R69_ktr_llku.SLDASM;1
RESC1005x35(0402)=L100W50T35B25_ktr_llku.SLDPRT;1
R6_ktr_llku.SLDASM;1
RESC2012x60(0805)=L200W125T60B40_ktr_llku.SLDPRT;1
R70_ktr_llku.SLDASM;1
RESC1005x35(0402)=L100W50T35B25_ktr_llku.SLDPRT;1
R7_ktr_llku.SLDASM;1
RESC1005x35(0402)=L100W50T35B25_ktr_llku.SLDPRT;1
R8_ktr_llku.SLDASM;1
RESC1005x35(0402)=L100W50T35B25_ktr_llku.SLDPRT;1
R9_ktr_llku.SLDASM;1
RESC1005x35(0402)=L100W50T35B25_ktr_llku.SLDPRT;1
VD1_ktr_llku.SLDASM;1
SOT95P290x110(SOT23)-3_ktr_llku.SLDPRT;1
VD2_ktr_llku.SLDASM;1
SOT95P290x110(SOT23)-3_ktr_llku.SLDPRT;1
VD3_ktr_llku.SLDASM;1
SOT95P290x110(SOT23)-3_ktr_llku.SLDPRT;1
XP10_ktr_llku.SLDASM;1
533980371_ktr_llku.SLDASM;1
Open CASCADE STEP translator 6.8 1.160.1.1_ktr_llku.SLDPRT;1
XP11_ktr_llku.SLDASM;1
091X506X904_100081362MOD000B_ktr_llku.SLDPRT;1
XP12_ktr_llku.SLDASM;1
533980371_ktr_llku.SLDASM;1
Open CASCADE STEP translator 6.8 1.160.1.1_ktr_llku.SLDPRT;1
XP13_ktr_llku.SLDASM;1
091X506X904_100081362MOD000B_ktr_llku.SLDPRT;1
XP14_ktr_llku.SLDASM;1
533980471_ktr_llku.SLDASM;1
Open CASCADE STEP translator 6.8 1.158.1.1_ktr_llku.SLDPRT;1
XP15_ktr_llku.SLDASM;1
533980671_ktr_llku.SLDASM;1
Open CASCADE STEP translator 6.8 1.153.1.1_ktr_llku.SLDPRT;1
XP16_ktr_llku.SLDASM;1
533980471_ktr_llku.SLDASM;1
Open CASCADE STEP translator 6.8 1.158.1.1_ktr_llku.SLDPRT;1
XP17_ktr_llku.SLDASM;1
533980671_ktr_llku.SLDASM;1
Open CASCADE STEP translator 6.8 1.153.1.1_ktr_llku.SLDPRT;1
XP18_ktr_llku.SLDASM;1
532610371_ktr_llku.SLDASM;1
Open CASCADE STEP translator 6.8 1.144.1.1_ktr_llku.SLDPRT;1
XP19_ktr_llku.SLDASM;1
533980571_ktr_llku.SLDASM;1
Open CASCADE STEP translator 6.8 1.152.1.1_ktr_llku.SLDPRT;1
XP1_ktr_llku.SLDASM;1
533980371_ktr_llku.SLDASM;1
Open CASCADE STEP translator 6.8 1.160.1.1_ktr_llku.SLDPRT;1
XP20_ktr_llku.SLDASM;1
533980871_ktr_llku.SLDASM;1
Open CASCADE STEP translator 6.8 1.151.1.1_ktr_llku.SLDPRT;1
XP21_ktr_llku.SLDASM;1
221VL06F26_ktr_llku.SLDASM;1
13279-nn_13279-06_ktr_llku.SLDPRT;1
13507-XXXX_13507-VL1-(L04)_ktr_llku.SLDPRT;3
13507-XXXX_13507-VL2-(L07)_ktr_llku.SLDPRT;3
C13088_PCB_2_mm_ktr_llku.SLDASM;2
14608_2D_ktr_llku.SLDPRT;1
14626_14626_ktr_llku.SLDPRT;1
XP22_ktr_llku.SLDASM;1
2PH1-06-UA_ktr_llku.SLDPRT;1
XP2_ktr_llku.SLDASM;1
533980371_ktr_llku.SLDASM;1
Open CASCADE STEP translator 6.8 1.160.1.1_ktr_llku.SLDPRT;1
XP3_ktr_llku.SLDASM;1
091X506X904_100081362MOD000B_ktr_llku.SLDPRT;1
XP4_ktr_llku.SLDASM;1
533980371_ktr_llku.SLDASM;1
Open CASCADE STEP translator 6.8 1.160.1.1_ktr_llku.SLDPRT;1
XP5_ktr_llku.SLDASM;1
533980371_ktr_llku.SLDASM;1
Open CASCADE STEP translator 6.8 1.160.1.1_ktr_llku.SLDPRT;1
XP6_ktr_llku.SLDASM;1
091X506X904_100081362MOD000B_ktr_llku.SLDPRT;1
XP7_ktr_llku.SLDASM;1
533980371_ktr_llku.SLDASM;1
Open CASCADE STEP translator 6.8 1.160.1.1_ktr_llku.SLDPRT;1
XP8_ktr_llku.SLDASM;1
533980371_ktr_llku.SLDASM;1
Open CASCADE STEP translator 6.8 1.160.1.1_ktr_llku.SLDPRT;1
XP9_ktr_llku.SLDASM;1
091X506X904_100081362MOD000B_ktr_llku.SLDPRT;1
XT1_ktr_llku.SLDASM;1
2PH1-02-UA_ktr_llku.SLDPRT;1
Ribbon cable_10-ПАКБ.433711.006 - Лазерный информационный (лучевой) канал управления (ЛЛКУ)-001.SLDASM;1
По умолчанию^Ribbon cable_10-ПАКБ.433711.006 - Лазерный информационный (лучевой) канал управления (ЛЛКУ)-001.SLDPRT;1
Ribbon cable_11-ПАКБ.433711.006 - Лазерный информационный (лучевой) канал управления (ЛЛКУ).SLDASM;1
По умолчанию^Ribbon cable_11-ПАКБ.433711.006 - Лазерный информационный (лучевой) канал управления (ЛЛКУ).SLDPRT;1
Ribbon cable_12-ПАКБ.433711.006 - Лазерный информационный (лучевой) канал управления (ЛЛКУ).SLDASM;1
По умолчанию^Ribbon cable_12-ПАКБ.433711.006 - Лазерный информационный (лучевой) канал управления (ЛЛКУ).SLDPRT;1
Ribbon cable_13-ПАКБ.433711.006 - Лазерный информационный (лучевой) канал управления (ЛЛКУ)-001.SLDASM;1
По умолчанию^Ribbon cable_13-ПАКБ.433711.006 - Лазерный информационный (лучевой) канал управления (ЛЛКУ)-001.SLDPRT;1
Ribbon cable_14-ПАКБ.433711.006 - Лазерный информационный (лучевой) канал управления (ЛЛКУ).SLDASM;1
По умолчанию^Ribbon cable_14-ПАКБ.433711.006 - Лазерный информационный (лучевой) канал управления (ЛЛКУ).SLDPRT;1
TB 09185065813.SLDPRT;5
Винт с цилиндрической головкой и шестигранным углублением под ключ ГОСТ Р ИСО 4762-M2.5х20-А2-70.sldprt;4
Винт с цилиндрической головкой и шестигранным углублением под ключ ГОСТ Р ИСО 4762-M2.5х4-А2-70.sldprt;7
Винт с цилиндрической головкой и шестигранным углублением под ключ ГОСТ Р ИСО 4762-M2.5х6-А2-70.SLDPRT;9
Винт с цилиндрической головкой и шестигранным углублением под ключ ГОСТ Р ИСО 4762-M2.5х8-А2-70.sldprt;4
Винт с цилиндрической головкой и шестигранным углублением под ключ ГОСТ Р ИСО 4762-M3х8-А2-70.sldprt;2
Винт с цилиндрической головкой и шестигранным углублением под ключ ГОСТ Р ИСО 4762-M4х10-А2-70.sldprt;7
Винт с цилиндрической головкой и шестигранным углублением под ключ ГОСТ Р ИСО 4762-M4х12-А2-70.sldprt;10
Винт с цилиндрической головкой и шестигранным углублением под ключ ГОСТ Р ИСО 4762-M4х14-А2-70.sldprt;2
Винт с цилиндрической головкой и шестигранным углублением под ключ ГОСТ Р ИСО 4762-M5х10-А2-70.sldprt;3
Винт с цилиндрической головкой и шестигранным углублением под ключ ГОСТ Р ИСО 4762-M5х12-А2-70.sldprt;1
Винт с цилиндрической головкой и шестигранным углублением под ключ ГОСТ Р ИСО 4762-M5х14-А2-70.sldprt;2
Винт с цилиндрической головкой и шестигранным углублением под ключ ГОСТ Р ИСО 4762-M5х20-А2-70.sldprt;2
ЛЛКУ V6 предложения.SLDPRT;1
ПАКБ.203353.005 - Узел клиньев.SLDASM;1
1524T024SR_15_10K-3ступени i50_IE2-256.SLDASM;2
15-10K_flange_a.SLDPRT;1
1524T024SR.SLDPRT;1
Винт с цилиндрической головкой и шестигранным углублением под ключ ГОСТ Р ИСО 4762-M1.6х5.sldprt;3
Планетарный редуктор 15_10К 3 ступени i=50.SLDPRT;1
Энкодер IE2-256.SLDPRT;1
Винт A.M2.5x5.36.10 ГОСТ 1491-80.sldprt;6
Винт A.M2-6gx4.56.30.016 ГОСТ 17475-80.sldprt;4
Винт A.M2x10 ГОСТ 1491-80.sldprt;12
Винт A.M2x6 ГОСТ 17475-80.sldprt;12
Винт с цилиндрической головкой и шестигранным углублением под ключ ГОСТ Р ИСО 4762-M2.5х6-А2-70.SLDPRT;8
Винт с цилиндрической головкой и шестигранным углублением под ключ ГОСТ Р ИСО 4762-M2х5.sldprt;4
Винт с цилиндрической головкой и шестигранным углублением под ключ ГОСТ Р ИСО 4762-M2х6-А2-70.sldprt;8
ПАКБ.203535.006 - Клин в оправе.SLDASM;1
ЛЛКУ Клин 17.SLDPRT;1
ПАКБ.711354.077 - Оправа.SLDPRT;1
ПАКБ.203535.007 - Клин в оправе.SLDASM;1
ЛЛКУ Клин 17.SLDPRT;1
ПАКБ.711354.078 - Оправа.SLDPRT;1
ПАКБ.468373.015 - Датчик.SLDASM;2
Винт с цилиндрической головкой и шестигранным углублением под ключ ГОСТ Р ИСО 4762-M1.6х4-А2-70.sldprt;2
ПАКБ.468373.011 - Блок датчика.SLDASM;1
Оптопара EE-SX1103.SLDPRT;1
ПАКБ.758721.056 - Плата блока датчика.SLDPRT;1
ПАКБ.741128.103 - Пластина.sldprt;1
ПАКБ.711141.490 - Кольцо.SLDPRT;1
ПАКБ.711154.050 - Крышка.SLDPRT;1
ПАКБ.711342.056 - Кольцо.SLDPRT;2
ПАКБ.721134.011 - Колесо зубчатое.SLDPRT;2
ПАКБ.721144.021 - Колесо зубчатое.SLDPRT;2
ПАКБ.731392.006 - Корпус.SLDPRT;1
ПАКБ.733121.119 - Кронштейн.SLDPRT;1
ПАКБ.733151.025 - Кронштейн.SLDPRT;1
ПАКБ.741124.317 - Пластина.SLDPRT;2
ПАКБ.741512.210 - Флажок.SLDPRT;2
Подшипник CRBS 708 V UU IKO.SLDPRT;2
Шайба A.2 ГОСТ 11371-78.sldprt;4
Штифт 1.5x4.T.Хим.Окс.прм. ГОСТ 3128-70.sldprt;4
ПАКБ.203621.053 - Зеркало в оправе.sldasm;1
ПАКБ.711354.079 - Оправа.SLDPRT;1
ПАКБ.755514.015 - Зеркало.SLDPRT;1
ПАКБ.304136.004 - Каретка вертикальная.SLDASM;1
Винт A.M4-6gx10.56.30.016 ГОСТ 1491-80.sldprt;2
Винт A.M4-6gx14.56.30.016 ГОСТ 17475-80.sldprt;2
Винт A.M4x8 ГОСТ 17475-80.sldprt;4
Винт с цилиндрической головкой и шестигранным углублением под ключ ГОСТ Р ИСО 4762-M2.5х8.sldprt;16
Винт с цилиндрической головкой и шестигранным углублением под ключ ГОСТ Р ИСО 4762-M2х4-А2-70.sldprt;12
Винт с цилиндрической головкой и шестигранным углублением под ключ ГОСТ Р ИСО 4762-M3х10-А2-70.sldprt;8
Винт с цилиндрической головкой и шестигранным углублением под ключ ГОСТ Р ИСО 4762-M3х6.sldprt;4
Винт с цилиндрической головкой и шестигранным углублением под ключ ГОСТ Р ИСО 4762-M4х10-А2-70.sldprt;4
Винт с цилиндрической головкой и шестигранным углублением под ключ ГОСТ Р ИСО 4762-M4х16-А2-70.sldprt;2
Винт с цилиндрической головкой и шестигранным углублением под ключ ГОСТ Р ИСО 4762-M4х8.sldprt;6
ПАКБ. 203511.203 - Узел линз.SLDASM;1
SMS 8 W.SLDPRT;1
Винт A.M2.5-6gx5.56.30.016 ГОСТ 1491-80.sldprt;1
Винт A.M2-6gx5.14H.10.016 ГОСТ 11074-93.sldprt;2
Винт A.M2x5 ГОСТ 11074-93.sldprt;2
Винт с цилиндрической головкой и шестигранным углублением под ключ ГОСТ Р ИСО 4762-M2.5х6-А2-70.SLDPRT;2
Винт с цилиндрической головкой и шестигранным углублением под ключ ГОСТ Р ИСО 4762-M2х5-А2-70.sldprt;3
Кольцо A15 ГОСТ 13942-86.sldprt;2
ПАКБ.203511.202 - Линзы в оправе.SLDASM;1
ПАКБ.711141.491 - Кольцо.SLDPRT;1
ПАКБ.711243.176 - Кольцо резьбовое.SLDPRT;1
ПАКБ.731358.002 - Оправа.SLDPRT;1
ПАКБ.756163.033 - Линза.sldprt;1
ПАКБ.756167.036 - Линза.sldprt;1
ПАКБ.301321.004 - Опора роликовая.SLDASM;1
Винт A.M2x2.5 ГОСТ 11074-93.sldprt;1
Гайка M2.5 ГОСТ 5929-70.sldprt;2
ПАКБ.711141.493 - Кольцо.SLDPRT;2
ПАКБ.715511.025 - Ось.SLDPRT;2
ПАКБ.733121.120 - Кронштейн.SLDPRT;1
Подшипник 2000083 ГОСТ 8338-75.sldprt;2
Шайба A.2.5 ГОСТ 10450-78.sldprt;2
ПАКБ.731343.003 - Корпус.SLDPRT;1
ПАКБ.203511.204 - Узел линз.SLDASM;1
SMS 8 W.SLDPRT;1
Винт A.M2.5-6gx5.58.20.016 ГОСТ 1491-80.sldprt;1
Винт A.M2x5 ГОСТ 11074-93.sldprt;4
Винт с цилиндрической головкой и шестигранным углублением под ключ ГОСТ Р ИСО 4762-M2.5х6-А1-70.sldprt;2
Винт с цилиндрической головкой и шестигранным углублением под ключ ГОСТ Р ИСО 4762-M2х5.sldprt;3
Кольцо A15 ГОСТ 13942-86.sldprt;2
ПАКБ.203511.200 - Линзы в оправе.SLDASM;1
ПАКБ.711141.491 - Кольцо.SLDPRT;1
ПАКБ.711543.047 - Кольцо резьбовое.SLDPRT;1
ПАКБ.713141.126 - Втулка.SLDPRT;1
ПАКБ.731358.001 - Оправа.SLDPRT;1
ПАКБ.756127.029 - Линза.sldprt;1
ПАКБ.756165.032 - Линза.sldprt;1
ПАКБ.301321.004 - Опора роликовая.SLDASM;1
Винт A.M2x2.5 ГОСТ 11074-93.sldprt;1
Гайка M2.5 ГОСТ 5929-70.sldprt;2
ПАКБ.711141.493 - Кольцо.SLDPRT;2
ПАКБ.715511.025 - Ось.SLDPRT;2
ПАКБ.733121.120 - Кронштейн.SLDPRT;1
Подшипник 2000083 ГОСТ 8338-75.sldprt;2
Шайба A.2.5 ГОСТ 10450-78.sldprt;2
ПАКБ.731343.004 - Корпус.SLDPRT;1
ПАКБ.303214.002 - Привод каретки вертикальной.SLDASM;1
15-10K_flange_a.SLDPRT;1
1524T024SR.SLDPRT;1
Винт с цилиндрической головкой и шестигранным углублением под ключ ГОСТ Р ИСО 4762-M1.6х5.sldprt;3
Винт с цилиндрической головкой и шестигранным углублением под ключ ГОСТ Р ИСО 4762-M2.5х6-А2-70.SLDPRT;4
Винт с цилиндрической головкой и шестигранным углублением под ключ ГОСТ Р ИСО 4762-M2х6-А2-70.sldprt;4
Винт с цилиндрической головкой и шестигранным углублением под ключ ГОСТ Р ИСО 4762-M2х6.SLDPRT;2
Гайка M6 ГОСТ 5929-70.sldprt;1
ПАКБ.304521.005 - Шарико-винтовая передача .SLDASM;1
MDK 0802-3 GT +140L C0 A верт каретка.SLDPRT;1
ПАКБ.711141.492 - Втулка.SLDPRT;1
ПАКБ.711243.177 - Кольцо резьбовое.SLDPRT;1
ПАКБ.721144.019 - Шестерня.SLDPRT;1
ПАКБ.721164.007 - Колесо зубчатое.sldprt;1
ПАКБ.731313.018 - Корпус.SLDPRT;1
ПАКБ.733151.024 - Кронштейн.SLDPRT;1
ПАКБ.741124.317 - Пластина.SLDPRT;1
ПАКБ.741124.342 - Пластина.SLDPRT;1
Планетарный редуктор 15_10K 1 ступень. i=4.5.SLDPRT;1
Подшипник 1000096 ГОСТ 8338-75.sldprt;2
Шайба A.6 ГОСТ 11371-78.sldprt;1
Штифт 1.5x4.T.Хим.Окс.прм. ГОСТ 3128-70.sldprt;2
Энкодер IE2-256.SLDPRT;1
ПАКБ.303214.004 - Привод каретки вертикальной.SLDASM;1
15-10K_flange_a.SLDPRT;1
1524T024SR.SLDPRT;1
Винт с цилиндрической головкой и шестигранным углублением под ключ ГОСТ Р ИСО 4762-M1.6х5.sldprt;3
Винт с цилиндрической головкой и шестигранным углублением под ключ ГОСТ Р ИСО 4762-M2.5х6-А2-70.SLDPRT;4
Винт с цилиндрической головкой и шестигранным углублением под ключ ГОСТ Р ИСО 4762-M2х6-А2-70.sldprt;4
Винт с цилиндрической головкой и шестигранным углублением под ключ ГОСТ Р ИСО 4762-M2х6.SLDPRT;2
Гайка M6 ГОСТ 5929-70.sldprt;1
ПАКБ.304521.005 - Шарико-винтовая передача .SLDASM;1
MDK 0802-3 GT +140L C0 A верт каретка.SLDPRT;1
ПАКБ.711141.492 - Втулка.SLDPRT;1
ПАКБ.711243.177 - Кольцо резьбовое.SLDPRT;1
ПАКБ.721144.019 - Шестерня.SLDPRT;1
ПАКБ.721164.007 - Колесо зубчатое.sldprt;1
ПАКБ.731313.019 - Корпус.SLDPRT;1
ПАКБ.733151.024 - Кронштейн.SLDPRT;1
ПАКБ.741124.317 - Пластина.SLDPRT;1
ПАКБ.741124.342 - Пластина.SLDPRT;1
Планетарный редуктор 15_10K 1 ступень. i=4.5.SLDPRT;1
Подшипник 1000096 ГОСТ 8338-75.sldprt;2
Шайба A.6 ГОСТ 11371-78.sldprt;1
Штифт 1.5x4.T.Хим.Окс.прм. ГОСТ 3128-70.sldprt;2
Энкодер IE2-256.SLDPRT;1
ПАКБ.468373.014 - Датчик.SLDASM;4
Винт с цилиндрической головкой и шестигранным углублением под ключ ГОСТ Р ИСО 4762-M1.6х3-А2-70.sldprt;2
ПАКБ.468373.011 - Блок датчика.SLDASM;1
Оптопара EE-SX1103.SLDPRT;1
ПАКБ.758721.056 - Плата блока датчика.SLDPRT;1
ПАКБ.741128.104 - Пластина.SLDPRT;1
Шайба A.1.6.22.11 ГОСТ 10450-78.sldprt;2
ПАКБ.715131.029 - Ось.SLDPRT;2
ПАКБ.715531.017 - Стойка.sldprt;2
ПАКБ.733111.056 - Кронштейн.SLDPRT;1
ПАКБ.733153.007 - Кронштейн.SLDPRT;4
ПАКБ.741542.142 - Пластина.sldprt;1
ПАКБ.741642.022 - Основание.sldprt;1
ПАКБ.745212.042 - Кронштейн.SLDPRT;1
Элемент списка вырезов1;1
ПАКБ.745352.016 - Фложок.SLDPRT;1
ПАКБ.745356.003 - Флажок.SLDPRT;1
ПАКБ.745412.010 - Кронштейн.SLDPRT;1
Элемент списка вырезов1;1
ПАКБ.758491.059 - Шайба.SLDPRT;4
Шайба A.2 ГОСТ 10450-78.sldprt;8
Штифт 3x10.Хим.Окс.прм. ГОСТ 3128-70.sldprt;2
Штифт 3x8 ГОСТ 3128-70.sldprt;4
ПАКБ.304136.005 - Каретка горизонтальная.SLDASM;1
Винт A.M2.5-6gx10.14H.10.016 ГОСТ 1477-93.sldprt;11
Винт A.M4x8 ГОСТ 17475-80.sldprt;4
Винт с цилиндрической головкой и шестигранным углублением под ключ ГОСТ Р ИСО 4762-M2.5х10-А2-70.sldprt;16
Винт с цилиндрической головкой и шестигранным углублением под ключ ГОСТ Р ИСО 4762-M2х4-А2-70.sldprt;6
Винт с цилиндрической головкой и шестигранным углублением под ключ ГОСТ Р ИСО 4762-M3х8-А2-70.sldprt;8
Винт с цилиндрической головкой и шестигранным углублением под ключ ГОСТ Р ИСО 4762-M4х10-А2-70.sldprt;6
Винт с цилиндрической головкой и шестигранным углублением под ключ ГОСТ Р ИСО 4762-M5х10-А2-70.sldprt;4
ПАКБ.203511.192 - Линзы в оправе.SLDASM;1
Винт установочный с шестигранным углублением ГОСТ Р ИСО 4027-M2х2.5-45H-A1J.sldprt;3
ПАКБ.711141.487 - Кольцо.SLDPRT;1
ПАКБ.711162.035 - Кольцо резьбовое.SLDPRT;1
ПАКБ.711172.003 - Втулка.SLDPRT;1
ПАКБ.753172.026 - Оправа.SLDPRT;1
ПАКБ.756124.016 - Линза.SLDPRT;1
ПАКБ.756167.037 - Линза.SLDPRT;1
Штифт 3x10.Хим.Окс.прм. ГОСТ 3128-70.sldprt;2
ПАКБ.203511.201 - Линзы в оправе.SLDASM;1
SMS 8 W.SLDPRT;1
Винт A.M2-6gx8 ГОСТ 1477-93.sldprt;2
Винт с цилиндрической головкой и шестигранным углублением под ключ ГОСТ Р ИСО 4762-M2.5х8-А2-70.sldprt;3
Винт с цилиндрической головкой и шестигранным углублением под ключ ГОСТ Р ИСО 4762-M4х10-А2-70.sldprt;3
Кольцо A15 ГОСТ 13942-86.sldprt;2
ПАКБ.301321.005 - Опора роликовая.SLDASM;1
Винт A.M2x2.5 ГОСТ 11074-93.sldprt;1
Гайка M4-6H.04.10.016 ГОСТ 5929-70.sldprt;2
Кольцо A4 ГОСТ 13942-86.sldprt;2
ПАКБ.711141.494 - Кольцо.SLDPRT;2
ПАКБ.714511.002 - Ось.SLDPRT;2
ПАКБ.733121.121 - Кронштейн.SLDPRT;1
Подшипник 1000084 ГОСТ 8338-75.sldprt;2
ПАКБ.711141.489 - Втулка.SLDPRT;1
ПАКБ.711243.175 - Кольцо резьбовое.SLDPRT;1
ПАКБ.731394.014 - Оправа.SLDPRT;1
ПАКБ.733161.023 - Кронштейн.sldprt;1
ПАКБ.741124.343 - Прокладка.SLDPRT;1
ПАКБ.756115.008 - Линза.SLDPRT;1
ПАКБ.756166.025 - Линза.SLDPRT;1
ПАКБ.303214.003 - Привод каретки горизонтальной.SLDASM;1
15-10K_flange_a.SLDPRT;1
1524T024SR.SLDPRT;1
Винт с цилиндрической головкой и шестигранным углублением под ключ ГОСТ Р ИСО 4762-M1.6х5.sldprt;3
Винт с цилиндрической головкой и шестигранным углублением под ключ ГОСТ Р ИСО 4762-M2.5х6-А2-70.SLDPRT;4
Винт с цилиндрической головкой и шестигранным углублением под ключ ГОСТ Р ИСО 4762-M2х6-А2-70.sldprt;6
Гайка M6 ГОСТ 5929-70.sldprt;1
ПАКБ.304521.006 - Шарико-винтовая передача.SLDASM;1
MDK 0802-3 GT +140L C0 A гор каретка.SLDPRT;1
ПАКБ.711141.488 - Втулка.SLDPRT;1
ПАКБ.711141.492 - Втулка.SLDPRT;1
ПАКБ.711243.177 - Кольцо резьбовое.SLDPRT;1
ПАКБ.721144.019 - Шестерня.SLDPRT;1
ПАКБ.721144.020 - Колесо зубчатое.sldprt;1
ПАКБ.731313.020 - Корпус.SLDPRT;1
ПАКБ.733151.024 - Кронштейн.SLDPRT;1
ПАКБ.741124.317 - Пластина.SLDPRT;1
ПАКБ.741124.342 - Пластина.SLDPRT;1
Планетарный редуктор 15_10K 1 ступень. i=4.5.SLDPRT;1
Подшипник 1000096 ГОСТ 8338-75.sldprt;2
Шайба A.6 ГОСТ 11371-78.sldprt;1
Штифт 1.5x4.T.Хим.Окс.прм. ГОСТ 3128-70.sldprt;2
Энкодер IE2-256.SLDPRT;1
ПАКБ.468373.013 - Датчик.SLDASM;2
Винт с цилиндрической головкой и шестигранным углублением под ключ ГОСТ Р ИСО 4762-M1.6х3-А2-70.sldprt;2
ПАКБ.468373.011 - Блок датчика.SLDASM;1
Оптопара EE-SX1103.SLDPRT;1
ПАКБ.758721.056 - Плата блока датчика.SLDPRT;1
ПАКБ.745212.040 - Уголок.SLDPRT;1
Шайба A.1.6.22.11 ГОСТ 10450-78.sldprt;2
ПАКБ.715131.028 - Ось.SLDPRT;2
ПАКБ.733153.007 - Кронштейн.SLDPRT;4
ПАКБ.741124.341 - Прокладка.sldprt;1
ПАКБ.741124.341 - Прокладка.sldprt;1
ПАКБ.741134.196 - Прокладка.sldprt;1
ПАКБ.741134.196 - Прокладка.sldprt;1
ПАКБ.741364.094 - Основание.SLDPRT;1
ПАКБ.745212.041 - Флажок.SLDPRT;1
ПАКБ.758491.059 - Шайба.SLDPRT;4
Шайба A.2 ГОСТ 10450-78.sldprt;4
Шайба A.2.21.11 ГОСТ 10450-78.sldprt;2
Шайба A.4 ГОСТ 10450-78.sldprt;3
Штифт 3x10.Хим.Окс.прм. ГОСТ 3128-70.sldprt;2
ПАКБ.433739.001 - Модуль АОД.SLDASM;1
Винт A.M1.6x5.23.20Х13 ГОСТ 17475-80.sldprt;7
Винт A.M2.5-6gx10.14H.20.016 ГОСТ 1477-93.sldprt;2
Винт с цилиндрической головкой и шестигранным углублением под ключ ГОСТ Р ИСО 4762-M2.5х10-А2-50.sldprt;11
Винт с цилиндрической головкой и шестигранным углублением под ключ ГОСТ Р ИСО 4762-M2.5х10-А2-70.sldprt;3
Винт с цилиндрической головкой и шестигранным углублением под ключ ГОСТ Р ИСО 4762-M2.5х8-А2-70.sldprt;6
ПАКБ.203574.016 - Пластина в сборе.SLDASM;2
ПАКБ.711243.163 - Кольцо резьбовое.SLDPRT;1
ПАКБ.711352.060 - Кольцо резьбовое.SLDPRT;1
Пластина полуволновая ЛЛКУ.SLDPRT;1
ПАКБ.203611.002 - Узел призмы.SLDASM;1
Винт A.M2-6gx5.56.30.016 ГОСТ 17475-80.sldprt;4
Винт A.M6x12 ГОСТ 11075-93.sldprt;1
ПАКБ.735214.041 - Корпус.SLDPRT;1
ПАКБ.741124.338 - Накладка.SLDPRT;1
ПАКБ.741424.096 - Прижим.SLDPRT;1
Призма-АОД.SLDPRT;1
ПАКБ.203613.049 - Крепление куба.SLDASM;1
Imported_36_ЛЛКУ_v2.SLDPRT;1
ПАКБ.713314.003 - Крепление куба.SLDPRT;1
ПАКБ.433711.010 - Блок излучателя.SLDASM;2
Imported_10_ЛЛКУ_v2.SLDPRT;1
Imported_8_ЛЛКУ_v2.SLDPRT;1
TB-38-1.0-1.3CHR_ЛЛКУ_v2.SLDPRT;1
Винт с цилиндрической головкой и шестигранным углублением под ключ ГОСТ Р ИСО 4762-M2х16-А2-50.SLDPRT;8
Винт с цилиндрической головкой и шестигранным углублением под ключ ГОСТ Р ИСО 4762-M2х8.sldprt;4
ИЛПИ-133_ЛЛКУ_v2.SLDPRT;1
ПАКБ.711141.478 - Кольцо.SLDPRT;1
ПАКБ.711154.049 - Фланец.SLDPRT;1
ПАКБ.711243.164 - Кольцо резьбовое.SLDPRT;1
ПАКБ.711243.165 - Кольцо резьбовое.SLDPRT;1
ПАКБ.711342.054 - Фланец.SLDPRT;1
ПАКБ.713141.117 - Втулка.SLDPRT;4
ПАКБ.713171.006 - Втулка.SLDPRT;1
ПАКБ.713364.014 - Стакан.SLDPRT;1
ПАКБ.713461.005 - Оправа.SLDPRT;1
ПАКБ.715531.015 - Стойка.SLDPRT;4
ПАКБ.741254.007 - Пластина.SLDPRT;1
ПАКБ.756134.014 - Линза.SLDPRT;1
ПАКБ.756163.032 - Линза.SLDPRT;1
Шайба A.2.22.11 ГОСТ 10450-78.sldprt;4
ПАКБ.433739.002 - АОД в сборе.SLDASM;2
Imported_38_ЛЛКУ_v2.SLDPRT;1
Винт A.M1.6-6gx5.58.20.016 ГОСТ 1491-80.sldprt;2
Винт A.M1.6x5.23.20Х13 ГОСТ 17475-80.sldprt;2
Винт A.M2-6gx5.58.20.016 ГОСТ 1491-80.sldprt;2
ПАКБ.713314.004 - Крепление АОД.SLDPRT;1
ПАКБ.741214.084 - Планка.SLDPRT;1
ПАКБ.741464.010 - Прижим.SLDPRT;1
ПАКБ.741512.204 - Пластина.SLDPRT;1
ПАКБ.711112.032 - Крышка.SLDPRT;1
ПАКБ.711144.077 - Фланец.SLDPRT;1
ПАКБ.711542.005 - Кольцо.SLDPRT;2
ПАКБ.731178.005 - Корпус.SLDPRT;1
ПАКБ.741214.085 - Планка.SLDPRT;2
ПАКБ.741354.042 - Прокладка.SLDPRT;2
ПАКБ.741512.209 - Прокладка.SLDPRT;1
Шайба A.2.5.01.08.016 ГОСТ 10450-78.sldprt;17
ПАКБ.711114.033 - Крышка.sldprt;1
ПАКБ.711142.183 - Кольцо.SLDPRT;1
ПАКБ.711344.034 - Кольцо.SLDPRT;1
ПАКБ.715531.016 - Стойка.SLDPRT;4
ПАКБ.715531.016 - Стойка.SLDPRT;6
ПАКБ.715531.016 - Стойка.SLDPRT;3
ПАКБ.731313.015 - Корпус.SLDPRT;1
ПАКБ.733121.109 - Кронштейн.SLDPRT;1
ПАКБ.741364.091 - Пластина.SLDPRT;1
ПАКБ.741512.208 - Пластина.SLDPRT;1
Шайба A.2.5.01.08.016 ГОСТ 10450-78.sldprt;13
Штифт 3x10.Хим.Окс.прм. ГОСТ 3128-70.sldprt;2
ПАКБ.463263.011 - Дневной телевизионный (ТВ) канал узкопольный.SLDASM;1
BPV4.SLDASM;1
24_ten40n.SLDPRT;1
AVX_INTERCONNECT-_PARTNUMBER_AV.sldprt;2
TPSV686M035R0150.SLDPRT;2
mf-sm100_33.SLDPRT;1
srf0703.SLDPRT;1
Конденсатор.SLDPRT;7
ПАКБ.758723.075 Плата.SLDPRT;1
Винт с цилиндрической головкой и шестигранным углублением под ключ ГОСТ Р ИСО 4762-M2х4.sldprt;6
Винт с цилиндрической головкой и шестигранным углублением под ключ ГОСТ Р ИСО 4762-M2х5.sldprt;1
Винт с цилиндрической головкой и шестигранным углублением под ключ ГОСТ Р ИСО 4762-M2х6.SLDPRT;2
Винт с цилиндрической головкой и шестигранным углублением под ключ ГОСТ Р ИСО 4762-M3х8.SLDPRT;9
Гайка M3 ГОСТ 5929-70.sldprt;2
ПАКБ.202361.133 - Объектив.SLDASM;1
Винт с цилиндрической головкой и шестигранным углублением под ключ ГОСТ Р ИСО 4762-M3х10.SLDPRT;8
ПАКБ.203512.101 - Линза склееная.SLDASM;1
ПАКБ.756164.064 - Линза.SLDPRT;1
ПАКБ.756173.007 - Линза.SLDPRT;1
ПАКБ.203512.102 - Компонент склееный.SLDASM;1
ПАКБ.756167.034 - Линза.SLDPRT;1
ПАКБ.756513.018 - Зеркало.SLDPRT;1
ПАКБ.711141.454 - Проставочное кольцо.SLDPRT;1
ПАКБ.711141.455 - Проставочное кольцо.SLDPRT;1
ПАКБ.711243.153 - Кольцо.SLDPRT;1
ПАКБ.711243.154 - Кольцо.SLDPRT;1
ПАКБ.713171.005 - Втулка.SLDPRT;1
ПАКБ.713662.011 - Корпус.SLDPRT;1
ПАКБ.753332.006 - Пластина .SLDPRT;1
ПАКБ.756523.028 - Зеркало.SLDPRT;1
Штифт 5u8x14 ОСТ 3-2234-93.sldprt;1
ПАКБ.303222.003 - Узел фокусировки .SLDASM;1
Винт A.M2-6gx3.14H.20.013 ГОСТ 1476-93.sldprt;3
Винт A.M2-6gx4.46.20.013 ГОСТ 17475-80.sldprt;4
Винт A.M2-6gx6.14H.20.013 ГОСТ 1477-93.sldprt;4
Винт A.M2-6gx8.46.20.013 ГОСТ 17475-80.sldprt;2
Винт с низкой цилиндрической головкой ГОСТ Р ИСО 1207-M2х3.sldprt;6
Винт с цилиндрической головкой и шестигранным углублением под ключ ГОСТ Р ИСО 4762-M1.6х8.sldprt;4
Винт с цилиндрической головкой и шестигранным углублением под ключ ГОСТ Р ИСО 4762-M2х6.SLDPRT;4
Винт с цилиндрической головкой и шестигранным углублением под ключ ГОСТ Р ИСО 4762-M2х8-4.6-A1R.sldprt;2
Винт с цилиндрической головкой и шестигранным углублением под ключ ГОСТ Р ИСО 4762-M3х8.SLDPRT;2
ПАКБ.469256.036 - Камера телевизионная.SLDASM;1
Винт с цилиндрической головкой и шестигранным углублением под ключ ГОСТ Р ИСО 4762-M2х14-8.8-A1R.sldprt;4
ПАКБ 469256.026 - Модуль ТВ.SLDASM;1
Винт A.2.M2-6gx8.56.35.013 ГОСТ 17475-80.sldprt;4
ПАКБ.426449.036 - Блок матрицы.SLDASM;1
DF40HC(4.0)-60DS.SLDPRT;1
Матрица IMX252LQR-C.SLDASM;1
25_OECN_350V1_IMX252LLR_MAT_AF0.sldprt;1
25_OECN_350V1_IMX252LLR_STE_AF0.sldprt;1
ПАКБ.687252.131 - Плата блока матрицы.SLDPRT;1
ПАКБ.467444.037 - Блок цифровой.SLDASM;1
DF40HC(4.0)-80DS.SLDPRT;1
ПАКБ.687262.075 - Плата блока цифрового.SLDPRT;1
ПАКБ.711154.045 - Фланец.SLDPRT;1
ПАКБ.467451.066 - Блок интерфейсный ТВ.SLDASM;1
321Y024F42.SLDPRT;1
467451_032_newDF17_4_0_-60DP-0_5V_2__2.sldprt;1
687252_103new.sldprt;1
ПАКБ.711194.030 - Корпус.SLDPRT;1
ПАКБ.685621.319 - Соединитель двигателя подфокусировки.sldasm;1
15-10_5stage.SLDPRT;1
1516T_SR.SLDPRT;1
ПАКБ.685621.342 - Соединитель датчика.sldasm;1
ПАКБ.685621.342 - Соединитель датчика.sldasm;1
ПАКБ.711141.423 - Кольцо.SLDPRT;2
ПАКБ.711154.044 - Тубус.SLDPRT;1
ПАКБ.711163.033 - Кольцо.SLDPRT;1
ПАКБ.713141.093 - Втулка.SLDPRT;3
ПАКБ.713348.002 - Основание.SLDPRT;1
ПАКБ.713652.005 - Тубус.SLDPRT;1
ПАКБ.721144.018 - Шестерня.SLDPRT;1
ПАКБ.721197.010 - Зубчатый сектор.SLDPRT;1
ПАКБ.733111.033 - Кронштейн.SLDPRT;1
ПАКБ.741124.317 - Пластина.SLDPRT;1
ПАКБ.741128.088 - Пластина.SLDPRT;2
ПАКБ.745212.036 - Планка.SLDPRT;1
Элемент списка вырезов1;1
ПАКБ.755414.017 - Светофильтр.SLDPRT;1
ПАКБ.758152.024 - Винт.SLDPRT;3
Шайба A.1.6 ГОСТ 10450-78.sldprt;4
Штифт 2u8x8 ОСТ 3-2234-93.sldprt;2
ПАКБ.467459.050 - Блок управления двигателем.SLDASM;1
ABM3.SLDPRT;1
C0603.sldprt;4
C0805.SLDPRT;5
Molex 532610271.SLDPRT;2
Molex 532610471.SLDPRT;1
Molex 532610671.SLDPRT;1
R0603.SLDPRT;1
R0805.SLDPRT;1
User Library-0402C.SLDPRT;18
User Library-10WSON.SLDPRT;1
User Library-JST - BM06B-SRSS-TB (SH SERIES - 1_0mm PITCH WIRE-TO-BOARD. SMT).SLDPRT;1
User Library-Oscillator2520-4pol.sldasm;2
User Library-Oscillator2520-4pol_Cut.sldprt;1
User Library-Oscillator2520-4pol_Cut004.sldprt;1
User Library-Oscillator2520-4pol_Pad001.sldprt;1
User Library-Oscillator2520-4pol_Pad002.sldprt;1
User Library-Oscillator2520-4pol_Zylinder.sldprt;1
User Library-QFN-28.sldasm;1
User Library-QFN-28_Board1.sldprt;1
User Library-QFN-28_Free-Models1.sldasm;1
User Library-QFN-28_358110817.sldasm;1
User Library-QFN-28_Cylinder1.sldprt;1
User Library-QFN-28_358334033.sldasm;1
User Library-QFN-28_Extruded17.sldprt;1
User Library-QFN-28_358336465.sldasm;7
User Library-QFN-28_Extruded14.sldprt;1
User Library-QFN-28_358336593.sldasm;7
User Library-QFN-28_Extruded22.sldprt;1
User Library-QFN-28_358336849.sldasm;7
User Library-QFN-28_Extruded25.sldprt;1
User Library-QFN-28_358337105.sldasm;1
User Library-QFN-28_Extruded16.sldprt;1
User Library-QFN-28_358337233.sldasm;1
User Library-QFN-28_Extruded15.sldprt;1
User Library-QFN-28_358337873.sldasm;7
User Library-QFN-28_Extruded21.sldprt;1
User Library-QFN-28_358338001.sldasm;1
User Library-QFN-28_Extruded13.sldprt;1
User Library-QFN-28_358338769.sldasm;1
User Library-QFN-28_Extruded20.sldprt;1
User Library-QFN-28_358339025.sldasm;1
User Library-QFN-28_Extruded23.sldprt;1
User Library-QFN-28_358339537.sldasm;1
User Library-QFN-28_Extruded18.sldprt;1
User Library-QFN-28_358339665.sldasm;1
User Library-QFN-28_Extruded19.sldprt;1
User Library-QFN-28_358339921.sldasm;1
User Library-QFN-28_Extruded24.sldprt;1
User Library-RES_1005-0402.SLDPRT;20
User Library-SOT363-2.SLDPRT;3
User Library-SOT95P240X100-3-ONSEMI_SOT-23.SLDPRT;1
User Library-VQFN-12.SLDPRT;1
User Library-WQFN-16 4x4mm 0_5mmPitch.SLDPRT;1
Плата комутационная ТПВ-Д-100.SLDPRT;1
ПАКБ.685621.316 - Соединитель Jtag.SLDASM;1
ПАКБ.685621.317 - Соединитель питания канала ТВ.SLDASM;1
ПАКБ.685621.318 - Соединитель термодатчика.sldasm;1
DS1821C.sldprt;1
ПАКБ.685624.007 - Соединитель управления ТВ.SLDASM;1
ПАКБ.715531.014 - Стойка.SLDPRT;2
ПАКБ.715533.014 - Стойка.SLDPRT;1
ПАКБ.715533.014 - Стойка.SLDPRT;1
ПАКБ.733121.097 - Кронштейн.SLDPRT;1
ПАКБ.741134.189 - Планка.SLDPRT;1
ПАКБ.741278.006 - Кронштейн.SLDPRT;1
ПАКБ.745391.006 - Скоба.sldprt;1
Радиатор Traco Power TEN-HS1.sldasm;1
Держалка.SLDPRT;2
Радиатор блока питания.SLDPRT;1
Шайба A.2 ГОСТ 10450-78.sldprt;16
Шайба A.3 ГОСТ 10450-78.sldprt;4
ПАКБ.463263.012 - Дневной телевзионный (ТВ) канал широкопольный.SLDASM;1
AZURE-3514M5M - объектив555.SLDPRT;1
BPV4.SLDASM;1
24_ten40n.SLDPRT;1
AVX_INTERCONNECT-_PARTNUMBER_AV.sldprt;2
TPSV686M035R0150.SLDPRT;2
mf-sm100_33.SLDPRT;1
srf0703.SLDPRT;1
Конденсатор.SLDPRT;7
ПАКБ.758723.075 Плата.SLDPRT;1
Винт с цилиндрической головкой и шестигранным углублением под ключ ГОСТ Р ИСО 4762-M2х5.sldprt;1
Винт с цилиндрической головкой и шестигранным углублением под ключ ГОСТ Р ИСО 4762-M2х6.SLDPRT;9
Винт с цилиндрической головкой и шестигранным углублением под ключ ГОСТ Р ИСО 4762-M3х12.SLDPRT;1
Винт с цилиндрической головкой и шестигранным углублением под ключ ГОСТ Р ИСО 4762-M3х6.sldprt;6
Винт с цилиндрической головкой и шестигранным углублением под ключ ГОСТ Р ИСО 4762-M3х8.SLDPRT;4
Гайка M3 ГОСТ 5929-70.sldprt;2
ПАКБ.303222.004 - Узел фокусировки.SLDASM;1
Винт A.M2-6gx3.14H.20.013 ГОСТ 1476-93.sldprt;3
Винт A.M2-6gx4.46.20.013 ГОСТ 17475-80.sldprt;4
Винт A.M2-6gx6.14H.20.013 ГОСТ 1477-93.sldprt;4
Винт A.M2-6gx8.46.20.013 ГОСТ 17475-80.sldprt;2
Винт с низкой цилиндрической головкой ГОСТ Р ИСО 1207-M2х5.sldprt;6
Винт с цилиндрической головкой и шестигранным углублением под ключ ГОСТ Р ИСО 4762-M1.6х8.sldprt;4
Винт с цилиндрической головкой и шестигранным углублением под ключ ГОСТ Р ИСО 4762-M2х6.SLDPRT;4
Винт с цилиндрической головкой и шестигранным углублением под ключ ГОСТ Р ИСО 4762-M2х8-4.6-A1R.sldprt;2
Винт с цилиндрической головкой и шестигранным углублением под ключ ГОСТ Р ИСО 4762-M3х8.SLDPRT;2
ПАКБ.469256.036 - Камера телевизионная.SLDASM;1
Винт с цилиндрической головкой и шестигранным углублением под ключ ГОСТ Р ИСО 4762-M2х14-8.8-A1R.sldprt;4
ПАКБ 469256.026 - Модуль ТВ.SLDASM;1
Винт A.2.M2-6gx8.56.35.013 ГОСТ 17475-80.sldprt;4
ПАКБ.426449.036 - Блок матрицы.SLDASM;1
DF40HC(4.0)-60DS.SLDPRT;1
Матрица IMX252LQR-C.SLDASM;1
25_OECN_350V1_IMX252LLR_MAT_AF0.sldprt;1
25_OECN_350V1_IMX252LLR_STE_AF0.sldprt;1
ПАКБ.687252.131 - Плата блока матрицы.SLDPRT;1
ПАКБ.467444.037 - Блок цифровой.SLDASM;1
DF40HC(4.0)-80DS.SLDPRT;1
ПАКБ.687262.075 - Плата блока цифрового.SLDPRT;1
ПАКБ.711154.045 - Фланец.SLDPRT;1
ПАКБ.467451.066 - Блок интерфейсный ТВ.SLDASM;1
321Y024F42.SLDPRT;1
467451_032_newDF17_4_0_-60DP-0_5V_2__2.sldprt;1
687252_103new.sldprt;1
ПАКБ.711194.030 - Корпус.SLDPRT;1
ПАКБ.685621.319 - Соединитель двигателя подфокусировки.sldasm;1
15-10_5stage.SLDPRT;1
1516T_SR.SLDPRT;1
ПАКБ.685621.342 - Соединитель датчика.sldasm;1
ПАКБ.685621.342 - Соединитель датчика.sldasm;1
ПАКБ.711141.423 - Кольцо.SLDPRT;2
ПАКБ.711154.044 - Тубус.SLDPRT;1
ПАКБ.711163.033 - Кольцо.SLDPRT;1
ПАКБ.713141.093 - Втулка.SLDPRT;3
ПАКБ.713348.002 - Основание.SLDPRT;1
ПАКБ.713652.005 - Тубус.SLDPRT;1
ПАКБ.721164.003 - Шестерня.SLDPRT;1
ПАКБ.721197.009 - Зубчатый сектор.SLDPRT;1
ПАКБ.733111.032 - Кронштейн.SLDPRT;1
ПАКБ.741124.317 - Пластина.SLDPRT;1
ПАКБ.741128.088 - Пластина.SLDPRT;2
ПАКБ.745212.036 - Планка.SLDPRT;1
Элемент списка вырезов1;1
ПАКБ.755414.017 - Светофильтр.SLDPRT;1
ПАКБ.758152.024 - Винт.SLDPRT;3
Шайба A.1.6 ГОСТ 10450-78.sldprt;4
Штифт 2u8x8 ОСТ 3-2234-93.sldprt;2
ПАКБ.467459.050 - Блок управления двигателем.SLDASM;1
ABM3.SLDPRT;1
C0603.sldprt;4
C0805.SLDPRT;5
Molex 532610271.SLDPRT;2
Molex 532610471.SLDPRT;1
Molex 532610671.SLDPRT;1
R0603.SLDPRT;1
R0805.SLDPRT;1
User Library-0402C.SLDPRT;18
User Library-10WSON.SLDPRT;1
User Library-JST - BM06B-SRSS-TB (SH SERIES - 1_0mm PITCH WIRE-TO-BOARD. SMT).SLDPRT;1
User Library-Oscillator2520-4pol.sldasm;2
User Library-Oscillator2520-4pol_Cut.sldprt;1
User Library-Oscillator2520-4pol_Cut004.sldprt;1
User Library-Oscillator2520-4pol_Pad001.sldprt;1
User Library-Oscillator2520-4pol_Pad002.sldprt;1
User Library-Oscillator2520-4pol_Zylinder.sldprt;1
User Library-QFN-28.sldasm;1
User Library-QFN-28_Board1.sldprt;1
User Library-QFN-28_Free-Models1.sldasm;1
User Library-QFN-28_358110817.sldasm;1
User Library-QFN-28_Cylinder1.sldprt;1
User Library-QFN-28_358334033.sldasm;1
User Library-QFN-28_Extruded17.sldprt;1
User Library-QFN-28_358336465.sldasm;7
User Library-QFN-28_Extruded14.sldprt;1
User Library-QFN-28_358336593.sldasm;7
User Library-QFN-28_Extruded22.sldprt;1
User Library-QFN-28_358336849.sldasm;7
User Library-QFN-28_Extruded25.sldprt;1
User Library-QFN-28_358337105.sldasm;1
User Library-QFN-28_Extruded16.sldprt;1
User Library-QFN-28_358337233.sldasm;1
User Library-QFN-28_Extruded15.sldprt;1
User Library-QFN-28_358337873.sldasm;7
User Library-QFN-28_Extruded21.sldprt;1
User Library-QFN-28_358338001.sldasm;1
User Library-QFN-28_Extruded13.sldprt;1
User Library-QFN-28_358338769.sldasm;1
User Library-QFN-28_Extruded20.sldprt;1
User Library-QFN-28_358339025.sldasm;1
User Library-QFN-28_Extruded23.sldprt;1
User Library-QFN-28_358339537.sldasm;1
User Library-QFN-28_Extruded18.sldprt;1
User Library-QFN-28_358339665.sldasm;1
User Library-QFN-28_Extruded19.sldprt;1
User Library-QFN-28_358339921.sldasm;1
User Library-QFN-28_Extruded24.sldprt;1
User Library-RES_1005-0402.SLDPRT;20
User Library-SOT363-2.SLDPRT;3
User Library-SOT95P240X100-3-ONSEMI_SOT-23.SLDPRT;1
User Library-VQFN-12.SLDPRT;1
User Library-WQFN-16 4x4mm 0_5mmPitch.SLDPRT;1
Плата комутационная ТПВ-Д-100.SLDPRT;1
ПАКБ.685621.316 - Соединитель Jtag.SLDASM;1
ПАКБ.685621.317 - Соединитель питания канала ТВ.SLDASM;1
ПАКБ.685621.318 - Соединитель термодатчика.sldasm;1
DS1821C.sldprt;1
ПАКБ.685624.007 - Соединитель управления ТВ.SLDASM;1
ПАКБ.711161.040 - Кольцо.SLDPRT;1
ПАКБ.713544.005 - Цилиндр.SLDPRT;1
ПАКБ.715531.014 - Стойка.SLDPRT;2
ПАКБ.715533.014 - Стойка.SLDPRT;2
ПАКБ.733121.098 - Кронштейн.SLDPRT;1
ПАКБ.741134.189 - Планка.SLDPRT;1
ПАКБ.741278.006 - Кронштейн.SLDPRT;1
ПАКБ.745391.006 - Скоба.sldprt;1
ПАКБ.753332.005 - Пластина.SLDPRT;1
Радиатор Traco Power TEN-HS1.sldasm;1
Держалка.SLDPRT;2
Радиатор блока питания.SLDPRT;1
Шайба A.2 ГОСТ 10450-78.sldprt;14
Шайба A.3 ГОСТ 10450-78.sldprt;5
Штифт 5u8x16 ОСТ 3-2234-93.sldprt;1
ПАКБ.463265.107 - Дневно-ночной тепловизионный (ТпВ) канал .SLDASM;1
Винт A.M3-6gx16.23.20Х13 ГОСТ 11074-93.sldprt;2
Винт с цилиндрической головкой и шестигранным углублением под ключ ГОСТ Р ИСО 4762-M2.5х8-А2-70.sldprt;14
Винт с цилиндрической головкой и шестигранным углублением под ключ ГОСТ Р ИСО 4762-M2х3-А2-70.sldprt;1
Винт с цилиндрической головкой и шестигранным углублением под ключ ГОСТ Р ИСО 4762-M2х6-А2-70.sldprt;36
Винт с цилиндрической головкой и шестигранным углублением под ключ ГОСТ Р ИСО 4762-M3х6-А2-70.sldprt;6
Винт с цилиндрической головкой и шестигранным углублением под ключ ГОСТ Р ИСО 4762-M4х16-А2-70.sldprt;4
Винт с цилиндрической головкой и шестигранным углублением под ключ ГОСТ Р ИСО 4762-M4х6-А2-70.sldprt;3
Гайка M2 ГОСТ 5927-70.sldprt;4
ПАКБ.202362.027 - Объектив.SLDASM;1
Винт A.M2-6gx5 ГОСТ 1477-93.sldprt;4
Винт с цилиндрической головкой и шестигранным углублением под ключ ГОСТ Р ИСО 4762-M3х5.sldprt;4
Винт с цилиндрической головкой и шестигранным углублением под ключ ГОСТ Р ИСО 4762-M4х8.sldprt;8
Копия Нитки армированные 200ЛХ^ПАКБ.202362.027 - Объектив.sldprt;1
ПАКБ.203322.006 - Узел трансфокатора.SLDASM;1
Винт A.2.M2-6gx5.23.20Х13.11 ГОСТ 17475-80.sldprt;8
Винт A.M1.6-6gx3.23.20Х13 ГОСТ 1476-93.sldprt;10
Винт A.M1.6-6gx5.23.20Х13.11 ГОСТ 1491-80.sldprt;1
Винт A.M2-6gx10.23.20Х13.11 ГОСТ 1491-80.sldprt;5
Винт A.M2-6gx5.23.20Х13.11 ГОСТ 1491-80.sldprt;11
Винт A.M3-6gx5.23.20Х13 ГОСТ 1477-93.sldprt;2
Винт с цилиндрической головкой и шестигранным углублением под ключ ГОСТ Р ИСО 4762-M3х5.sldprt;3
ПАКБ.203621.051 - Зеркало в оправе.sldasm;1
ПАКБ.711354.071 - Оправа зеркала.SLDPRT;1
ПАКБ.755514.012 - Зеркало.SLDPRT;1
ПАКБ.304273.002 - Стопор.SLDASM;2
Винт A.M1.6-6gx5.23.20Х13.11 ГОСТ 1491-80.sldprt;1
ПАКБ.715314.005 - Ось.sldprt;1
ПАКБ.741512.189 - Оправа.sldprt;1
ПАКБ.305126.001 - Экран в сборе.SLDASM;1
ПАКБ.711114.029 - Пластина.SLDPRT;1
ПАКБ.754151.029 - Накладка.SLDPRT;1
ПАКБ.305411.006 - Оправа.sldasm;1
Винт A.2.M2-6gx5.23.20Х13.11 ГОСТ 17475-80.sldprt;4
Винт A.M1.6-6gx5.23.20Х13.11 ГОСТ 1491-80.sldprt;1
ПАКБ.711141.436 - Кольцо.sldprt;1
ПАКБ.731197.004 - Оправа.sldprt;1
ПАКБ.741378.019 - Пластина.sldprt;1
ПАКБ.741532.107 - Флажок.sldprt;1
ПАКБ.756164.061 - Линза.sldprt;1
ПАКБ.756217.014 - Линза.sldprt;1
Штифт 3х8^ПАКБ.305411.006 - Оправа.sldprt;2
ПАКБ.468373.009 - Датчик.SLDASM;2
Винт A.M1.6-6gx5.23.20Х13.11 ГОСТ 1491-80.sldprt;2
ПАКБ.468373.011 - Блок датчика.SLDASM;1
Оптопара EE-SX1103.SLDPRT;1
ПАКБ.758721.056 - Плата блока датчика.SLDPRT;1
ПАКБ.733111.025 - Кронштейн.sldprt;1
ПАКБ.685621.323 - Соединитель двигателя переключателя.SLDASM;1
15-10_4stage 1.SLDPRT;1
1516T_SR.SLDPRT;1
IE2-16.SLDPRT;1
ПАКБ.711141.437 - Втулка.SLDPRT;1
ПАКБ.711341.028 - Втулка.SLDPRT;1
ПАКБ.711344.027 - Оправа.SLDPRT;1
ПАКБ.713121.005 - Втулка.SLDPRT;2
ПАКБ.713123.001 - Втулка.SLDPRT;1
ПАКБ.713312.005 - Ось.SLDPRT;1
ПАКБ.713348.001 - Маховик.SLDPRT;1
ПАКБ.713364.012 - Оправа.sldprt;2
ПАКБ.713411.002 - Ось.sldprt;2
ПАКБ.713441.003 - Втулка.SLDPRT;1
ПАКБ.715141.026 - Втулка.sldprt;1
ПАКБ.715321.004 - Ось.SLDPRT;2
ПАКБ.715434.001 - Ось.SLDPRT;1
ПАКБ.731178.004 - Корпус.SLDPRT;1
ПАКБ.733251.009 - Оправа.SLDPRT;1
ПАКБ.741124.321 - Планка.SLDPRT;1
ПАКБ.741218.020 - Пластина.SLDPRT;1
ПАКБ.741374.060 - Рычаг.SLDPRT;1
ПАКБ.741378.018 - Рычаг.SLDPRT;1
ПАКБ.753571.008 - Пружина.SLDASM;1
Деталь8^ПАКБ.753571.008 - Пружина.sldprt;1
Деталь9^ПАКБ.753571.008 - Пружина.sldprt;1
ПАКБ.758153.054 - Винт.sldprt;1
ПАКБ.758491.048 - Шайба.SLDPRT;1
ПАКБ.758491.049 - Шайба.SLDPRT;1
ПАКБ.758581.004 - Хомут.SLDPRT;3
ПАКБ.Подшипник W 638_3-2Z.sldprt;6
Шайба A.1.6.22.11 ГОСТ 10450-78.sldprt;1
Штифт 1.5х10 ГОСТ 3128-70.SLDPRT;2
ПАКБ.303222.006 - Узел фокусировки.sldasm;1
Винт A.M1.6-6gx4 ГОСТ 1476-93.sldprt;4
Винт M3x6 ГОСТ 11738-84.sldprt;11
Винт с низкой цилиндрической головкой ГОСТ Р ИСО 1207-M1.6х8.sldprt;4
Винт с потайной головкой ГОСТ Р ИСО 2009-M2х5.sldprt;4
Винт с потайной головкой ГОСТ Р ИСО 2009-M3х5.sldprt;3
Винт с цилиндрической головкой и шестигранным углублением под ключ ГОСТ Р ИСО 4762-M2х5.sldprt;4
Винт с цилиндрической головкой и шестигранным углублением под ключ ГОСТ Р ИСО 4762-M2х6.SLDPRT;4
Гайка M2 ГОСТ 5927-70.sldprt;2
ПАКБ.203511.188 - Линза в оправе.sldasm;1
ПАКБ.713654.013 - Оправа.SLDPRT;1
ПАКБ.756227.020 - Линза.SLDPRT;1
ПАКБ.203621.051 - Зеркало в оправе.sldasm;1
ПАКБ.711354.071 - Оправа зеркала.SLDPRT;1
ПАКБ.755514.012 - Зеркало.SLDPRT;1
ПАКБ.305126.001 - Экран в сборе.SLDASM;1
ПАКБ.711114.029 - Пластина.SLDPRT;1
ПАКБ.754151.029 - Накладка.SLDPRT;1
ПАКБ.685621.319-02 - Соединитель двигателя подфокусировки.SLDASM;1
15-10_5stage.SLDPRT;1
1516T_SR.SLDPRT;1
IE2-16.SLDPRT;1
ПАКБ.685621.342 - Соединитель датчика.sldasm;1
DM1-01P-30G-G  .SLDPRT;1
ПАКБ.685621.342 - Соединитель датчика.sldasm;1
DM1-01P-30G-G  .SLDPRT;1
ПАКБ.711141.425 - Втулка.SLDPRT;3
ПАКБ.711141.468 - Кольцо.SLDPRT;1
ПАКБ.711141.470 - Кольцо .SLDPRT;2
ПАКБ.711164.025 - Гайка.SLDPRT;1
ПАКБ.711243.161 - Гайка.SLDPRT;1
ПАКБ.711744.001 - Оправа.SLDPRT;1
ПАКБ.713141.110 - Втулка.SLDPRT;3
ПАКБ.721144.019 - Шестерня.SLDPRT;1
ПАКБ.721197.013 - Зубчатый сектор.SLDPRT;1
ПАКБ.731197.008 - Корпус.SLDPRT;1
ПАКБ.733121.096 - Кронштейн.SLDPRT;1
Элемент списка вырезов1;1
ПАКБ.733151.015 - Кронштейн.SLDPRT;1
ПАКБ.741124.317 - Пластина.SLDPRT;1
ПАКБ.742141.004 - Уголок.SLDPRT;2
ПАКБ.751322.008 - Тубус.SLDPRT;1
ПАКБ.756217.013 - Линза.SLDPRT;1
ПАКБ.758153.062 - Винт.SLDPRT;3
Шайба A.1.6 ГОСТ 10450-78.sldprt;4
Шайба A.2 ГОСТ 10450-78.sldprt;4
ПАКБ.711141.469 - Кольцо.SLDPRT;1
ПАКБ.711144.073 - Пластина.SLDPRT;1
ПАКБ.711243.144 - Кольцо.SLDPRT;1
ПАКБ.714674.003 - Тубус.SLDPRT;1
ПАКБ.741214.083 - Пластина.SLDPRT;1
ПАКБ.741612.051 - Фланец.SLDPRT;1
ПАКБ.756227.021 - Линза.SLDPRT;1
Провод МС-16-13 0.12 белый.SLDPRT;1
ПАКБ.431422.120 - Блок питания.SLDASM;3
Копия ten60n.SLDPRT;1
ПАКБ.758713.075 - Плата блока питания.SLDPRT;1
ПАКБ.467459.055 - Блок управления двигателем.SLDASM;2
ABM3.SLDPRT;1
C0603.sldprt;4
C0805.SLDPRT;5
Molex 532610271.SLDPRT;2
Molex 532610471.SLDPRT;1
Molex 532610671.SLDPRT;1
R0603.SLDPRT;1
R0805.SLDPRT;1
User Library-0402C.SLDPRT;18
User Library-10WSON.SLDPRT;1
User Library-JST - BM06B-SRSS-TB (SH SERIES - 1_0mm PITCH WIRE-TO-BOARD. SMT).SLDPRT;1
User Library-Oscillator2520-4pol.sldasm;2
User Library-Oscillator2520-4pol_Cut.sldprt;1
User Library-Oscillator2520-4pol_Cut004.sldprt;1
User Library-Oscillator2520-4pol_Pad001.sldprt;1
User Library-Oscillator2520-4pol_Pad002.sldprt;1
User Library-Oscillator2520-4pol_Zylinder.sldprt;1
User Library-QFN-28.sldasm;1
User Library-QFN-28_Board1.sldprt;1
User Library-QFN-28_Free-Models1.sldasm;1
User Library-QFN-28_358110817.sldasm;1
User Library-QFN-28_Cylinder1.sldprt;1
User Library-QFN-28_358334033.sldasm;1
User Library-QFN-28_Extruded17.sldprt;1
User Library-QFN-28_358336465.sldasm;7
User Library-QFN-28_Extruded14.sldprt;1
User Library-QFN-28_358336593.sldasm;7
User Library-QFN-28_Extruded22.sldprt;1
User Library-QFN-28_358336849.sldasm;7
User Library-QFN-28_Extruded25.sldprt;1
User Library-QFN-28_358337105.sldasm;1
User Library-QFN-28_Extruded16.sldprt;1
User Library-QFN-28_358337233.sldasm;1
User Library-QFN-28_Extruded15.sldprt;1
User Library-QFN-28_358337873.sldasm;7
User Library-QFN-28_Extruded21.sldprt;1
User Library-QFN-28_358338001.sldasm;1
User Library-QFN-28_Extruded13.sldprt;1
User Library-QFN-28_358338769.sldasm;1
User Library-QFN-28_Extruded20.sldprt;1
User Library-QFN-28_358339025.sldasm;1
User Library-QFN-28_Extruded23.sldprt;1
User Library-QFN-28_358339537.sldasm;1
User Library-QFN-28_Extruded18.sldprt;1
User Library-QFN-28_358339665.sldasm;1
User Library-QFN-28_Extruded19.sldprt;1
User Library-QFN-28_358339921.sldasm;1
User Library-QFN-28_Extruded24.sldprt;1
User Library-RES_1005-0402.SLDPRT;20
User Library-SOT363-2.SLDPRT;3
User Library-SOT95P240X100-3-ONSEMI_SOT-23.SLDPRT;1
User Library-VQFN-12.SLDPRT;1
User Library-WQFN-16 4x4mm 0_5mmPitch.SLDPRT;1
Плата комутационная ТПВ-Д-100.SLDPRT;1
ПАКБ.468416.007 - Фотоприемное устройство.SLDASM;1
Scorpio SB.SLDASM;1
Scorpio F4.0. niz.sldprt;1
Scorpio F4.0. verh.sldprt;1
Копия User Library-9 Pin D-Sub Female Connector^ТНРС.463269.001 - Камера тепловизионная высокочувствительная.SLDPRT;1
Винт A.M2-6gx8.58.20.016 ГОСТ 17475-80.sldprt;2
Винт с цилиндрической головкой и шестигранным углублением под ключ ГОСТ Р ИСО 4762-M2.5х6-А2-70.SLDPRT;4
Винт с цилиндрической головкой и шестигранным углублением под ключ ГОСТ Р ИСО 4762-M3х10-А2-70.sldprt;2
ПАКБ.468363.055 - Блок коммутации_ГП.SLDASM;1
QSH_030_01_C_D_A_ГП.sldasm;1
_C_126_21_030_D_6_ГП.sldprt;1
_QSH_030_01_D_A_terminal_2_ГП.sldprt;1
_T_1G2_01_030_4_ГП.sldprt;1
Накладка1_flexfpa_6_ГП.sldprt;1
Накладка_2_flexfpa_6_ГП.sldprt;1
Плата check_ГП.SLDPRT;1
Элемент списка вырезов1;1
ПАКБ.733121.074 - Кронштейн.sldprt;1
ПАКБ.733151.007 - Кронштейн.sldprt;1
ПАКБ.741364.073 - Кронштейн.sldprt;1
ПАКБ.741424.080 - Прижим.sldprt;1
ПАКБ.741522.040 - Кронштейн.sldprt;1
ПАКБ.469256.050 - Модуль электронной обработки.sldasm;1
Винт A.M2.5x12.58.20.016 ГОСТ 17475-80.SLDPRT;2
Винт A.M2x12.58.20.016 ГОСТ 1491-80.SLDPRT;4
Винт с цилиндрической головкой и шестигранным углублением под ключ ГОСТ Р ИСО 4762-M2х10-А2-50.SLDPRT;1
Винт с цилиндрической головкой и шестигранным углублением под ключ ГОСТ Р ИСО 4762-M2х14-А2-50.SLDPRT;5
Винт с цилиндрической головкой и шестигранным углублением под ключ ГОСТ Р ИСО 4762-M2х16-А2-50.SLDPRT;1
Винт с цилиндрической головкой и шестигранным углублением под ключ ГОСТ Р ИСО 4762-M2х8-А2-50.SLDPRT;1
Контроллер MEGALINK.sldasm;1
MEGALINK_KONTR.sldprt;1
MEGALINK_KONTR_ERI.sldprt;1
QSH_030_01_C_D_A.sldasm;1
_C_126_21_030_D_6.sldprt;1
_QSH_030_01_D_A_terminal_2.sldprt;1
_T_1G2_01_030_4.sldprt;1
QTH_030_01_C_D_A.sldasm;1
_TQTH_030_01_C_D_A_terminal_2.sldprt;1
_T_1G1_01_imp_6.sldprt;1
_T_1S39_01__030_01_D__pin_4.sldprt;1
ПАКБ.467444.036 - Блок цифровой.SLDASM;1
24_mb_Плата блока цифрового.SLDPRT;1
467444_036_df17_4_0_.SLDPRT;1
467444_036_df40c-60dp.SLDPRT;1
ПАКБ.467451.064 - Блок интерфейсный.sldasm;1
21-0041B_81.SLDPRT;1
24_24_skrp24_KLBR_221Y10F22_400.sldprt;1
24_mb_____.SLDPRT;1
CAP_0603G1.SLDPRT;9
DCK5.SLDPRT;1
DS92LX2121SQE.SLDPRT;1
G-155.SLDPRT;3
IND_TAIYO_LBR2012.SLDPRT;3
TPS62161DSGR.SLDPRT;3
x_sm06b_srss.SLDPRT;1
ПАКБ.758723.078 - Плата блока интерфейсного.sldprt;1
ПАКБ.468351.017 - Блок согласования.sldasm;1
426449_035_df40hc_4_0_-60ds.SLDPRT;1
530470410.sldprt;1
533980371.SLDPRT;1
533980471.sldprt;1
QTH_030_01_C_D_A.sldasm;1
_TQTH_030_01_C_D_A_terminal_2.sldprt;1
_T_1G1_01_imp_6.sldprt;1
_T_1S39_01__030_01_D__pin_4.sldprt;1
ПАКБ.758724.071 - Плата блока согласования.SLDPRT;1
ПАКБ.711114.012 - Корпус.SLDPRT;1
ПАКБ.711194.041 - Корпус.sldprt;1
ПАКБ.713141.091 - Втулка.SLDPRT;3
ПАКБ.713141.111 - Втулка.SLDPRT;5
ПАКБ.713141.111 - Втулка.SLDPRT;2
ПАКБ.713141.112 - Втулка.SLDPRT;2
ПАКБ.713163.020 - Втулка резьбовая.SLDPRT;2
ПАКБ.733111.038 - Кронштейн.SLDPRT;1
ПАКБ.741134.177 - Пластина.sldprt;1
ПАКБ.685621.316 - Соединитель Jtag.SLDASM;1
ПАКБ.685621.318 - Соединитель термодатчика.sldasm;1
DS1821C.sldprt;1
ПАКБ.685621.320 - Соединитель контроллера.SLDPRT;1
ПАКБ.685621.321 - Соединитель питания.SLDASM;1
ПАКБ.685621.322 - Соединитель питания холодильника.SLDPRT;1
ПАКБ.685622.069 - Соединитель управления ТПВ.SLDASM;1
ПАКБ.685622.070 - Соединитель питания канала ТПВ.SLDASM;1
ПАКБ.715161.006 - Стойка.SLDPRT;12
ПАКБ.715531.014 - Стойка.SLDPRT;6
ПАКБ.733121.090 - Кронштейн.SLDPRT;1
ПАКБ.741124.333 - Пластина.SLDPRT;1
ПАКБ.741128.102 - Пластина.SLDPRT;1
ПАКБ.741134.189 - Планка.SLDPRT;3
ПАКБ.741264.044 - Пластина.sldprt;1
ПАКБ.741264.044-01 - Пластина.SLDPRT;1
ПАКБ.741364.086 - Пластина .SLDPRT;1
ПАКБ.741424.080 - Прижим.sldprt;1
ПАКБ.745391.006 - Скоба.sldprt;1
Радиатор Traco Power TEN-HS1.sldasm;3
Держалка.SLDPRT;2
Радиатор блока питания.SLDPRT;1
Шайба A.2 ГОСТ 10450-78.sldprt;28
Шайба A.4 ГОСТ 10450-78.sldprt;4
ПАКБ.685621.324 - Кабель ТПВ.SLDPRT;1
ПАКБ.685623.027 - Кабель ТВ-У.SLDPRT;1
ПАКБ.685623.028 - Кабель ТВ-Ш.SLDPRT;1
ПАКБ.713213.001 - Упор.SLDPRT;11
ПАКБ.715533.016 - Стойка.sldprt;2
ПАКБ.733111.047 - Кронштейн.SLDPRT;1
ПАКБ.733111.048 - Кронштейн.SLDPRT;1
ПАКБ.741234.043 - Пластина.SLDPRT;1
ПАКБ.754142.114 -  Прокладка.SLDPRT;1
ПАКБ.754421.012 - Наклейка.SLDPRT;1
Штифт 3x10.Хим.Окс.прм. ГОСТ 3128-70.sldprt;2
наклейка корсар 3.SLDPRT;2
наклейка корсар.SLDPRT;1
